,images,gt,preds
0,Aalto1.jpg,ilmari aalto,william mctaggart
1,Aalto2.jpg,ilmari aalto,charles-francois daubigny
2,Aertsen1.jpg,pieter aertsen,pieter aertsen
3,Aertsen2.jpg,pieter aertsen,pieter aertsen
4,Aertsen3.jpg,pieter aertsen,pieter aertsen
5,Aivazovsky 2.jpg,hovhannes aivazovsky ,hovhannes aivazovsky 
6,Aivazovsky1.jpg,ivan aivazovsky,ivan kramskoi
7,Albani1.jpg,francesco albani,leo gestel
8,Alcazar1.jpg,luis paret y alcazar,paulus potter
9,Alcazar2.jpg,luis paret y alcazar,jean-francois millet
10,Alcazar3.jpg,luis paret y alcazar,paulus potter
11,Allori1.jpg,alessandro allori,jacopo da empoli
12,Altdorfer 1.jpg,albrecht altdorfer ,jacopo da empoli
13,Altdorfer1.jpg,albrecht altdorfer,vasily polenov
14,AmanJean1.jpg,edmond aman-jean,maurice prendergast
15,Amigoni1.jpg,jacopo amigoni,francois boucher
16,Arcimboldo1.jpg,giuseppe arcimboldo,giuseppe arcimboldo
17,Arcimboldo2.jpg,giuseppe arcimboldo,giuseppe arcimboldo
18,Arcimboldo3.jpg,giuseppe arcimboldo,giuseppe arcimboldo
19,Arellano1.jpg,juan de arellano,rachel ruysch
20,Arentsz1.jpg,arent arentsz,aert van der neer
21,Asselijn1.jpg,jan asselijn,arnold bocklin
22,Avercamp1.jpg,hendrick avercamp,pieter brueghel the younger
23,Avercamp2.jpg,hendrick avercamp,hendrick avercamp
24,Backer1.jpg,jacob adriaensz backer,guido cagnacci
25,Baglione1.jpg,giovanni baglione,guido reni
26,Barocci1.jpg,federico barocci,luca giordano
27,Barry1.jpg,james barry,james barry
28,Bartolommeo1.jpg,fra bartolommeo,jacopo da empoli
29,Bartolommeo2.jpg,fra bartolommeo,philippe de champaigne
30,Bartolommeo3.jpg,fra bartolommeo,giorgione
31,Battista1.jpg,giovanni battista,jan van goyen
32,Battista2.jpg,giovanni battista,henri fantin-latour
33,Battista3.jpg,giovanni battista,jean-auguste-dominique ingres
34,Battista4.jpg,giovanni battista,bronzino
35,Battista5.jpg,giovanni battista,gabriel metsu
36,Battista6.jpg,giovanni battista,salomon de bray
37,Bazille1.jpg,frederic bazille,max liebermann
38,Bazille2.jpg,frederic bazille,santiago rusinol
39,Beck1.jpg,david beck,salomon de bray
40,Becker1.jpg,paula modersohn-becker,leo gestel
41,Becker2.jpg,paula modersohn-becker,paula modersohn-becker
42,Beert1.jpg,osias beert,pieter claesz
43,Bellucci1.jpg,antonio bellucci,abraham bloemaert
44,BenjaminWest1.jpg,benjamin west,sir joshua reynolds
45,BenjaminWest10.jpg,benjamin west,philips wouwerman
46,BenjaminWest11.jpg,benjamin west,johann zoffany
47,BenjaminWest12.jpg,benjamin west,thomas gainsborough
48,BenjaminWest13.jpg,benjamin west,benjamin west
49,BenjaminWest14.jpg,benjamin west,benjamin west
50,BenjaminWest15.jpg,benjamin west,george frederic watts
51,BenjaminWest16.jpg,benjamin west,jacques-louis david
52,BenjaminWest17.jpg,benjamin west,william turner
53,BenjaminWest18.jpg,benjamin west,eustache le sueur
54,BenjaminWest2.jpg,benjamin west,william-adolphe bouguereau
55,BenjaminWest3.jpg,benjamin west,nicolas poussin
56,BenjaminWest4.jpg,benjamin west,eustache le sueur
57,BenjaminWest5.jpg,benjamin west,john trumbull
58,BenjaminWest6.jpg,benjamin west,benjamin west
59,BenjaminWest7.jpg,benjamin west,salvator rosa
60,BenjaminWest8.jpg,benjamin west,john singleton copley
61,BenjaminWest9.jpg,benjamin west,theodore chasseriau
62,Benson1.jpg,frank weston benson,edmund c. tarbell
63,Benson2.jpg,frank weston benson,frank weston benson
64,Bernard1.jpg,emile bernard,paula modersohn-becker
65,Bernard2.jpg,emile bernard,emile bernard
66,Bernard3.jpg,emile bernard,emile bernard
67,Bernard4.jpg,emile bernard,jozsef rippl-ronai
68,Blanchard1.jpg,jacques blanchard,simon vouet
69,Bloemaert1.jpg,abraham bloemaert,luca giordano
70,Bloemaert2.jpg,abraham bloemaert,james barry
71,Bocklin1.jpg,arnold bocklin,adolph von menzel
72,Bocklin2.jpg,arnold bocklin,arnold bocklin
73,Bocklin3.jpg,arnold bocklin,arnold bocklin
74,Bocklin4.jpg,arnold bocklin,george frederic watts
75,Boel1.jpg,pieter boel,francisco goya
76,Boel2.jpg,pieter boel,theodore gericault
77,Bol1.jpg,ferdinand bol,hyacinthe rigaud
78,Bol2.jpg,ferdinand bol,gabriel metsu
79,Bonheur1.jpg,rosa bonheur,rosa bonheur
80,Borch1.jpg,gerard ter borch,gerard ter borch
81,Borch2.jpg,gerard ter borch,gerard ter borch
82,Borch3.jpg,gerard ter borch,gerard ter borch
83,Borch4.jpg,gerard ter borch,bartolome esteban murillo
84,Borch5.jpg,gerard ter borch,jan baptist brueghel
85,Borch6.jpg,gerard ter borch,pieter de hooch
86,Borch7.jpg,gerard ter borch,gerard ter borch
87,Borch8.jpg,gerard ter borch,gerard ter borch
88,Bordone1.jpg,paris bordone,giulio cesare procaccini
89,Bordone2.jpg,paris bordone,jacopo da empoli
90,Boselli1.jpg,felice boselli,gustave courbet
91,Boucher1.jpg,francois boucher,paulus potter
92,Boucher2.jpg,francois boucher,francois boucher
93,Boucher3.jpg,francois boucher,jean-honore fragonard
94,Boucher4.jpg,francois boucher,francois boucher
95,Boudin1.jpg,eugene boudin,charles-francois daubigny
96,Boudin2.jpg,eugene boudin,eugene boudin
97,Boudin3.jpg,eugene boudin,charles-francois daubigny
98,Boudin4.jpg,eugene boudin,charles-francois daubigny
99,Boudin5.jpg,eugene boudin,charles-francois daubigny
100,Bouguereau1.jpg,william-adolphe bouguereau,william-adolphe bouguereau
101,Bouguereau2.jpg,william-adolphe bouguereau,william-adolphe bouguereau
102,Bouguereau3.jpg,william-adolphe bouguereau,william-adolphe bouguereau
103,Bramley1.jpg,frank bramley,frank bramley
104,Bray1.jpg,salomon de bray,simon vouet
105,Breenbergh1.jpg,bartholomeus breenbergh,giovanni paolo panini
106,Breenbergh2.jpg,bartholomeus breenbergh,nicolas poussin
107,Breton1.jpg,jules breton,jules breton
108,Bronzino1.jpg,bronzino,bronzino
109,Bronzino2.jpg,bronzino,johann friedrich overbeck
110,Bronzino3.jpg,bronzino,bronzino
111,Bronzino4.jpg,bronzino,bronzino
112,Bronzino5.jpg,bronzino,bronzino
113,Bronzino6.jpg,bronzino,eustache le sueur
114,Bronzino7.jpg,bronzino,bronzino
115,Bronzino8.jpg,bronzino,bronzino
116,Brouwer1.jpg,adriaen brouwer,david teniers the younger
117,Bruegel1.jpg,pieter bruegel,karel dujardin
118,Bruegel2.jpg,pieter bruegel,pieter brueghel the younger
119,Bruegel3.jpg,pieter bruegel,pieter brueghel the younger
120,Bruegel4.jpg,pieter bruegel,pieter brueghel the younger
121,Bruegel5.jpg,pieter bruegel,pieter brueghel the younger
122,Bruegel6.jpg,pieter bruegel,pieter brueghel the younger
123,Brueghel1.jpg,jan baptist brueghel,jan baptist brueghel
124,BrueghelYounger1.jpg,pieter brueghel the younger,pieter brueghel the younger
125,BrueghelYounger2.jpg,pieter brueghel the younger,pieter brueghel the younger
126,Brugghen1.jpg,hendrick ter brugghen,jean baptiste de champaigne
127,Brugghen2.jpg,hendrick ter brugghen,hendrick ter brugghen
128,Brugghen3.jpg,hendrick ter brugghen,hendrick ter brugghen
129,Brull1.jpg,joan brull,thomas dewing
130,Bryullov1.jpg,karl bryullov,karl bryullov
131,Bryullov2.jpg,karl bryullov,gerard ter borch
132,Bukovac1.jpg,vlaho bukovac,robert vonnoh
133,Cabanel1.jpg,alexandre cabanel,william-adolphe bouguereau
134,Cagnacci1.jpg,guido cagnacci,jacques-louis david
135,Caillebotte1.jpg,gustave caillebotte,gustave caillebotte
136,Caillebotte2.jpg,gustave caillebotte,vasily surikov
137,Caillebotte3.jpg,gustave caillebotte,childe hassam
138,Caillebotte4.jpg,gustave caillebotte,palma vecchio
139,Caillebotte5.jpg,gustave caillebotte,gustave caillebotte
140,Caillebotte6.jpg,gustave caillebotte,gustave caillebotte
141,Caillebotte7.jpg,gustave caillebotte,karoly ferenczy
142,Caillebotte8.jpg,gustave caillebotte,gustave caillebotte
143,CamilleCorot1.jpg,jean-baptiste-camille corot,jean-baptiste-camille corot
144,CamilleCorot10.jpg,jean-baptiste-camille corot,charles-francois daubigny
145,CamilleCorot11.jpg,jean-baptiste-camille corot,jean-baptiste-camille corot
146,CamilleCorot12.jpg,jean-baptiste-camille corot,ivan shishkin
147,CamilleCorot13.jpg,jean-baptiste-camille corot,august malmstrom
148,CamilleCorot2.jpg,jean-baptiste-camille corot,jean-baptiste-camille corot
149,CamilleCorot3.jpg,jean-baptiste-camille corot,jean-baptiste-camille corot
150,CamilleCorot4.jpg,jean-baptiste-camille corot,charles-francois daubigny
151,CamilleCorot5.jpg,jean-baptiste-camille corot,jean-baptiste-camille corot
152,CamilleCorot6.jpg,jean-baptiste-camille corot,vasily polenov
153,CamilleCorot7.jpg,jean-baptiste-camille corot,theodore rousseau
154,CamilleCorot8.jpg,jean-baptiste-camille corot,jean-baptiste-camille corot
155,CamilleCorot9.jpg,jean-baptiste-camille corot,august malmstrom
156,Camprobin1.jpg,pedro de camprobin,jan davidsz. de heem
157,Camprobin2.jpg,pedro de camprobin,jan davidsz. de heem
158,Canaletto1.jpg,antonio canaletto,antonio canaletto
159,Canaletto10.jpg,antonio canaletto,antonio canaletto
160,Canaletto11.jpg,antonio canaletto,antonio canaletto
161,Canaletto12.jpg,antonio canaletto,antonio canaletto
162,Canaletto13.jpg,antonio canaletto,jan van goyen
163,Canaletto14.jpg,antonio canaletto,antonio canaletto
164,Canaletto15.jpg,antonio canaletto,antonio canaletto
165,Canaletto2.jpg,antonio canaletto,antonio canaletto
166,Canaletto3.jpg,antonio canaletto,antonio canaletto
167,Canaletto4.jpg,antonio canaletto,antonio canaletto
168,Canaletto5.jpg,antonio canaletto,antonio canaletto
169,Canaletto6.jpg,antonio canaletto,antonio canaletto
170,Canaletto7.jpg,antonio canaletto,antonio canaletto
171,Canaletto8.jpg,antonio canaletto,aelbert cuyp
172,Canaletto9.jpg,antonio canaletto,antonio canaletto
173,Caracciolo1.jpg,battistello caracciolo,guercino
174,Caravaggio1.jpg,caravaggio,jean-auguste-dominique ingres
175,Caravaggio2.jpg,caravaggio,frans snyders
176,Caravaggio3.jpg,caravaggio,jean-auguste-dominique ingres
177,Carracci1.jpg,ludovico carracci,cornelis van haarlem
178,Carracci2.jpg,ludovico carracci,ludovico carracci
179,Carriere1.jpg,eugene carriere,edgar degas
180,Cassatt1.jpg,mary cassatt,mary cassatt
181,Cassatt10.jpg,mary cassatt,frank weston benson
182,Cassatt2.jpg,mary cassatt,mary cassatt
183,Cassatt3.jpg,mary cassatt,mary cassatt
184,Cassatt4.jpg,mary cassatt,mary cassatt
185,Cassatt5.jpg,mary cassatt,mary cassatt
186,Cassatt6.jpg,mary cassatt,karoly ferenczy
187,Cassatt7.jpg,mary cassatt,mary cassatt
188,Cassatt8.jpg,mary cassatt,mary cassatt
189,Cassatt9.jpg,mary cassatt,mary cassatt
190,Castagneto1.jpg,giovanni battista castagneto,charles-francois daubigny
191,Castiglione1.jpg,giovanni benedetto castiglione,luca giordano
192,Catena1.jpg,vincenzo catena,jacopo da empoli
193,Catena2.jpg,vincenzo catena,lorenzo lotto
194,Catena3.jpg,vincenzo catena,giorgione
195,Cavallino1.jpg,bernardo cavallino,jean baptiste de champaigne
196,Cavallino2.jpg,bernardo cavallino,benjamin west
197,Cawen1.jpg,alvar cawen,jozsef rippl-ronai
198,Cawen2.jpg,alvar cawen,ilmari aalto
199,Cerezo1.jpg,mateo cerezo,jusepe de ribera
200,Cesari1.jpg,giuseppe cesari,jean-auguste-dominique ingres
201,Cesari2.jpg,giuseppe cesari,james barry
202,Cezanne1.jpg,paul cezanne,paul cezanne
203,Cezanne10.jpg,paul cezanne,emile bernard
204,Cezanne11.jpg,paul cezanne,william mctaggart
205,Cezanne12.jpg,paul cezanne,paul cezanne
206,Cezanne13.jpg,paul cezanne,gauguin
207,Cezanne14.jpg,paul cezanne,paul cezanne
208,Cezanne15.jpg,paul cezanne,paul cezanne
209,Cezanne16.jpg,paul cezanne,gauguin
210,Cezanne17.jpg,paul cezanne,paul cezanne
211,Cezanne18.jpg,paul cezanne,paul cezanne
212,Cezanne19.jpg,paul cezanne,esdouard manet
213,Cezanne2.jpg,paul cezanne,paul cezanne
214,Cezanne20.jpg,paul cezanne,paul cezanne
215,Cezanne21.jpg,paul cezanne,gauguin
216,Cezanne22.jpg,paul cezanne,paul cezanne
217,Cezanne23.jpg,paul cezanne,mary cassatt
218,Cezanne24.jpg,paul cezanne,paul cezanne
219,Cezanne25.jpg,paul cezanne,paul cezanne
220,Cezanne26.jpg,paul cezanne,alfred sisley
221,Cezanne27.jpg,paul cezanne,paula modersohn-becker
222,Cezanne28.jpg,paul cezanne,alfred sisley
223,Cezanne29.jpg,paul cezanne,paul cezanne
224,Cezanne3.jpg,paul cezanne,paul cezanne
225,Cezanne30.jpg,paul cezanne,paula modersohn-becker
226,Cezanne31.jpg,paul cezanne,paula modersohn-becker
227,Cezanne32.jpg,paul cezanne,gustave caillebotte
228,Cezanne33.jpg,paul cezanne,paul cezanne
229,Cezanne34.jpg,paul cezanne,pierre-auguste renoir
230,Cezanne35.jpg,paul cezanne,paul cezanne
231,Cezanne36.jpg,paul cezanne,pierre puvis de chavannes
232,Cezanne37.jpg,paul cezanne,paul cezanne
233,Cezanne38.jpg,paul cezanne,max liebermann
234,Cezanne39.jpg,paul cezanne,lovis corinth
235,Cezanne4.jpg,paul cezanne,max liebermann
236,Cezanne40.jpg,paul cezanne,william mctaggart
237,Cezanne41.jpg,paul cezanne,emile bernard
238,Cezanne42.jpg,paul cezanne,berthe morisot
239,Cezanne43.jpg,paul cezanne,gauguin
240,Cezanne5.jpg,paul cezanne,paul cezanne
241,Cezanne6.jpg,paul cezanne,paul cezanne
242,Cezanne7.jpg,paul cezanne,paul cezanne
243,Cezanne8.jpg,paul cezanne,lovis corinth
244,Cezanne9.jpg,paul cezanne,toulouse-lautrec
245,Chardin1.jpg,jean-baptiste-simeon chardin,jean-baptiste-simeon chardin
246,Chardin2.jpg,jean-baptiste-simeon chardin,jusepe de ribera
247,Chardin3.jpg,jean-baptiste-simeon chardin,jean-baptiste-simeon chardin
248,Chardin4.jpg,jean-baptiste-simeon chardin,jean-baptiste-simeon chardin
249,Chardin5.jpg,jean-baptiste-simeon chardin,gabriel metsu
250,Chardin6.jpg,jean-baptiste-simeon chardin,joseph ducreux
251,Chardin7.jpg,jean-baptiste-simeon chardin,jean-baptiste-simeon chardin
252,Chardin8.jpg,jean-baptiste-simeon chardin,jean-baptiste-simeon chardin
253,Chardin9.jpg,jean-baptiste-simeon chardin,jean-baptiste-simeon chardin
254,Charleston1.jpg,elizabeth charleston,elizabeth charleston
255,Chasseriau1.jpg,theodore chasseriau,theodore chasseriau
256,ChristianDahl1.jpg,johan christian dahl,august malmstrom
257,ChristianDahl2.jpg,johan christian dahl,isaac levitan
258,ChristianDahl3.jpg,johan christian dahl,august malmstrom
259,ChristianDahl4.jpg,johan christian dahl,august malmstrom
260,Claesz1.jpg,pieter claesz,pieter claesz
261,Claesz2.jpg,pieter claesz,pieter claesz
262,Clouet1.jpg,francois clouet,bronzino
263,Coello1.jpg,claudio coello,federico de madrazo
264,Coello2.jpg,claudio coello,bartholomeus breenbergh
265,Constable1.jpg,john constable,august malmstrom
266,Constable10.jpg,john constable,floris van schooten
267,Constable11.jpg,john constable,george wharton edwards
268,Constable12.jpg,john constable,jean-baptiste-camille corot
269,Constable13.jpg,john constable,paulus potter
270,Constable14.jpg,john constable,charles-francois daubigny
271,Constable15.jpg,john constable,eugene boudin
272,Constable16.jpg,john constable,charles-francois daubigny
273,Constable17.jpg,john constable,charles-francois daubigny
274,Constable18.jpg,john constable,charles-francois daubigny
275,Constable19.jpg,john constable,charles-francois daubigny
276,Constable2.jpg,john constable,john constable
277,Constable20.jpg,john constable,john constable
278,Constable21.jpg,john constable,john constable
279,Constable22.jpg,john constable,paulus potter
280,Constable23.jpg,john constable,charles-francois daubigny
281,Constable24.jpg,john constable,thomas gainsborough
282,Constable25.jpg,john constable,john constable
283,Constable26.jpg,john constable,jean-baptiste-camille corot
284,Constable27.jpg,john constable,jean-francois millet
285,Constable28.jpg,john constable,john constable
286,Constable29.jpg,john constable,john constable
287,Constable3.jpg,john constable,john constable
288,Constable30.jpg,john constable,charles-francois daubigny
289,Constable31.jpg,john constable,william mctaggart
290,Constable32.jpg,john constable,george wharton edwards
291,Constable33.jpg,john constable,jean-baptiste-camille corot
292,Constable34.jpg,john constable,jean-baptiste-camille corot
293,Constable35.jpg,john constable,charles-francois daubigny
294,Constable36.jpg,john constable,john constable
295,Constable37.jpg,john constable,karel dujardin
296,Constable38.jpg,john constable,august malmstrom
297,Constable39.jpg,john constable,john constable
298,Constable4.jpg,john constable,august malmstrom
299,Constable40.jpg,john constable,john constable
300,Constable41.jpg,john constable,john constable
301,Constable42.jpg,john constable,adolph von menzel
302,Constable43.jpg,john constable,jean-honore fragonard
303,Constable44.jpg,john constable,charles-francois daubigny
304,Constable45.jpg,john constable,john constable
305,Constable46.jpg,john constable,henri fantin-latour
306,Constable47.jpg,john constable,william turner
307,Constable48.jpg,john constable,jean-francois millet
308,Constable49.jpg,john constable,charles-francois daubigny
309,Constable5.jpg,john constable,john constable
310,Constable50.jpg,john constable,john constable
311,Constable51.jpg,john constable,john constable
312,Constable52.jpg,john constable,jean-baptiste-camille corot
313,Constable53.jpg,john constable,george wharton edwards
314,Constable54.jpg,john constable,august malmstrom
315,Constable55.jpg,john constable,thomas gainsborough
316,Constable56.jpg,john constable,gustave courbet
317,Constable57.jpg,john constable,jean-baptiste-camille corot
318,Constable6.jpg,john constable,william turner
319,Constable7.jpg,john constable,charles-francois daubigny
320,Constable8.jpg,john constable,john constable
321,Constable9.jpg,john constable,jean-baptiste-camille corot
322,Copley1.jpg,john singleton copley,benjamin west
323,Copley2.jpg,john singleton copley,benjamin west
324,Copley3.jpg,john singleton copley,john singleton copley
325,Copley4.jpg,john singleton copley,john singleton copley
326,Copley5.jpg,john singleton copley,john singleton copley
327,Copley6.jpg,john singleton copley,sir joshua reynolds
328,Copley7.jpg,john singleton copley,john singleton copley
329,Copley8.jpg,john singleton copley,john singleton copley
330,Copley9.jpg,john singleton copley,john singleton copley
331,Coques1.jpg,gonzales coques,pieter de grebber
332,Coques2.jpg,gonzales coques,jean-baptiste van loo
333,Corinth1.jpg,lovis corinth,lovis corinth
334,Corinth2.jpg,lovis corinth,lovis corinth
335,Cortona1.jpg,pietro da cortona,diego velazquez
336,Cortona2.jpg,pietro da cortona,peter lely
337,Corvi1.jpg,domenico corvi,johannes cornelisz verspronck
338,Cossiers1.jpg,jan cossiers,peter lely
339,Cottet1.jpg,charles cottet,edgar degas
340,Courbet1.jpg,gustave courbet,henri fantin-latour
341,Courbet10.jpg,gustave courbet,charles-francois daubigny
342,Courbet11.jpg,gustave courbet,charles-francois daubigny
343,Courbet12.jpg,gustave courbet,paul delaroche
344,Courbet13.jpg,gustave courbet,gustave courbet
345,Courbet14.jpg,gustave courbet,francisco goya
346,Courbet15.jpg,gustave courbet,charles-francois daubigny
347,Courbet16.jpg,gustave courbet,winslow homer
348,Courbet17.jpg,gustave courbet,charles-francois daubigny
349,Courbet2.jpg,gustave courbet,gustave courbet
350,Courbet3.jpg,gustave courbet,gustave courbet
351,Courbet4.jpg,gustave courbet,jean-baptiste-camille corot
352,Courbet5.jpg,gustave courbet,gustave courbet
353,Courbet6.jpg,gustave courbet,gustave courbet
354,Courbet7.jpg,gustave courbet,rosa bonheur
355,Courbet8.jpg,gustave courbet,gustave courbet
356,Courbet9.jpg,gustave courbet,jean-baptiste-camille corot
357,Craen1.jpg,laurens craen,frans snyders
358,Cross1.jpg,henri-edmond cross,signac
359,Cross2.jpg,henri-edmond cross,armand guillaumin
360,Csontvary1.jpg,tivadar kosztka csontvary,palma vecchio
361,Cuyp1.jpg,aelbert cuyp,aelbert cuyp
362,Cuyp2.jpg,aelbert cuyp,aelbert cuyp
363,Cuyp3.jpg,aelbert cuyp,philips wouwerman
364,Cuyp4.jpg,aelbert cuyp,karel dujardin
365,Cuyp5.jpg,aelbert cuyp,aelbert cuyp
366,Cuyp6.jpg,aelbert cuyp,karel dujardin
367,Cuyp7.jpg,aelbert cuyp,aelbert cuyp
368,Danby1.jpg,francis danby,august malmstrom
369,Danby10.jpg,francis danby,august malmstrom
370,Danby11.jpg,francis danby,jean-baptiste-camille corot
371,Danby12.jpg,francis danby,winslow homer
372,Danby13.jpg,francis danby,armand guillaumin
373,Danby2.jpg,francis danby,august malmstrom
374,Danby3.jpg,francis danby,asher brown durand
375,Danby4.jpg,francis danby,asher brown durand
376,Danby5.jpg,francis danby,august malmstrom
377,Danby6.jpg,francis danby,charles-francois daubigny
378,Danby7.jpg,francis danby,theodore chasseriau
379,Danby8.jpg,francis danby,george wharton edwards
380,Danby9.jpg,francis danby,august malmstrom
381,Daubigny1.jpg,charles-francois daubigny,charles-francois daubigny
382,Daubigny2.jpg,charles-francois daubigny,charles-francois daubigny
383,DavidFriedrich1.jpg,caspar david friedrich,caspar david friedrich
384,DavidFriedrich2.jpg,caspar david friedrich,caspar david friedrich
385,DavidFriedrich3.jpg,caspar david friedrich,caspar david friedrich
386,DavidFriedrich4.jpg,caspar david friedrich,caspar david friedrich
387,DavidFriedrich5.jpg,caspar david friedrich,santiago rusinol
388,DavidFriedrich6.jpg,caspar david friedrich,caspar david friedrich
389,DavidFriedrich7.jpg,caspar david friedrich,caspar david friedrich
390,DavidFriedrich8.jpg,caspar david friedrich,caspar david friedrich
391,Degas1.jpg,edgar degas,karoly ferenczy
392,Degas10.jpg,edgar degas,henry tonks
393,Degas11.jpg,edgar degas,edgar degas
394,Degas12.jpg,edgar degas,edgar degas
395,Degas13.jpg,edgar degas,edgar degas
396,Degas14.jpg,edgar degas,willem drost
397,Degas15.jpg,edgar degas,palma vecchio
398,Degas16.jpg,edgar degas,gauguin
399,Degas17.jpg,edgar degas,edgar degas
400,Degas18.jpg,edgar degas,mary cassatt
401,Degas19.jpg,edgar degas,edgar degas
402,Degas2.jpg,edgar degas,edgar degas
403,Degas20.jpg,edgar degas,winslow homer
404,Degas21.jpg,edgar degas,thomas eakins
405,Degas22.jpg,edgar degas,lovis corinth
406,Degas3.jpg,edgar degas,edgar degas
407,Degas4.jpg,edgar degas,thomas dewing
408,Degas5.jpg,edgar degas,max liebermann
409,Degas6.jpg,edgar degas,edgar degas
410,Degas7.jpg,edgar degas,edgar degas
411,Degas8.jpg,edgar degas,toulouse-lautrec
412,Degas9.jpg,edgar degas,edgar degas
413,Delacroix1.jpg,eugene delacroix,eugene delacroix
414,Delacroix2.jpg,eugene delacroix,adolph von menzel
415,Delacroix3.jpg,eugene delacroix,eugene delacroix
416,Delacroix4.jpg,eugene delacroix,benjamin west
417,Delacroix5.jpg,eugene delacroix,pieter lastman
418,Delacroix6.jpg,eugene delacroix,adolf von becker
419,Delacroix7.jpg,eugene delacroix,eugene delacroix
420,Delaroche1.jpg,paul delaroche,karel van mander iii
421,Delaroche2.jpg,paul delaroche,theodore chasseriau
422,Delaroche3.jpg,paul delaroche,john trumbull
423,Delaunay1.jpg,robert delaunay,leo gestel
424,Delaunay2.jpg,robert delaunay,robert delaunay
425,Delaunay3.jpg,robert delaunay,robert delaunay
426,Delaunay4.jpg,robert delaunay,franz marc
427,Dewing1.jpg,thomas dewing,thomas dewing
428,DirckHals1.jpg,dirck hals,antoine watteau
429,Domenichino1.jpg,domenichino,jacopo da empoli
430,Dossi1.jpg,dosso dossi,pietro da cortona
431,Dossi2.jpg,dosso dossi,giorgione
432,Dou1.jpg,gerrit dou,gerrit dou
433,Dou2.jpg,gerrit dou,gabriel metsu
434,Drost1.jpg,willem drost,bartolome esteban murillo
435,Ducreux1.jpg,joseph ducreux,joseph ducreux
436,Dujardin1.jpg,karel dujardin,jacob van hulsdonck
437,Dujardin2.jpg,karel dujardin,benjamin west
438,Durand1.jpg,asher brown durand,august malmstrom
439,Durand2.jpg,asher brown durand,asher brown durand
440,Durer1.jpg,albrecht durer,jean-auguste-dominique ingres
441,Durer10.jpg,albrecht durer,bronzino
442,Durer11.jpg,albrecht durer,lucas van leyden
443,Durer12.jpg,albrecht durer,albrecht durer
444,Durer2.jpg,albrecht durer,jacopo da empoli
445,Durer3.jpg,albrecht durer,lucas van leyden
446,Durer4.jpg,albrecht durer,lucas van leyden
447,Durer5.jpg,albrecht durer,quentin matsys
448,Durer6.jpg,albrecht durer,quentin matsys
449,Durer7.jpg,albrecht durer,dosso dossi
450,Durer8.jpg,albrecht durer,giorgione
451,Durer9.jpg,albrecht durer,lucas van leyden
452,Eakins1.jpg,thomas eakins,thomas eakins
453,Eakins10.jpg,thomas eakins,thomas eakins
454,Eakins11.jpg,thomas eakins,winslow homer
455,Eakins12.jpg,thomas eakins,thomas eakins
456,Eakins2.jpg,thomas eakins,thomas eakins
457,Eakins3.jpg,thomas eakins,jacob ernst thomann von hagelstein
458,Eakins4.jpg,thomas eakins,thomas eakins
459,Eakins5.jpg,thomas eakins,edgar degas
460,Eakins6.jpg,thomas eakins,thomas dewing
461,Eakins7.jpg,thomas eakins,george wharton edwards
462,Eakins8.jpg,thomas eakins,thomas eakins
463,Eakins9.jpg,thomas eakins,thomas eakins
464,Earl1.jpg,ralph earl,gilbert stuart
465,Earl2.jpg,ralph earl,john trumbull
466,ElGreco1.jpg,el greco,el greco
467,ElGreco10.jpg,el greco,el greco
468,ElGreco11.jpg,el greco,el greco
469,ElGreco12.jpg,el greco,el greco
470,ElGreco2.jpg,el greco,el greco
471,ElGreco3.jpg,el greco,philipp otto runge
472,ElGreco4.jpg,el greco,el greco
473,ElGreco5.jpg,el greco,el greco
474,ElGreco6.jpg,el greco,el greco
475,ElGreco7.jpg,el greco,el greco
476,ElGreco8.jpg,el greco,tintoretto
477,ElGreco9.jpg,el greco,el greco
478,Elinga1.jpg,pieter janssens elinga,pieter de hooch
479,Empoli1.jpg,jacopo da empoli,jan davidsz. de heem
480,Eworth1.jpg,hans eworth ,nicholas hilliard
481,Fabritius1.jpg,carel fabritius,salvator rosa
482,Faccini1.jpg,pietro faccini,tintoretto
483,Fendi1.jpg,peter fendi,pierre puvis de chavannes
484,FerdinandVoet1.jpg,jacob ferdinand voet,jacopo da empoli
485,Ferenczy1.jpg,karoly ferenczy,karoly ferenczy
486,Fetti1.jpg,domenico fetti,sir joshua reynolds
487,Fetti2.jpg,domenico fetti,james barry
488,Fetti3.jpg,domenico fetti,jusepe de ribera
489,Flinck1.jpg,govert flinck,aert de gelder
490,Forte1.jpg,luca forte,paulus potter
491,Fragonard1.jpg,jean-honore fragonard,jean-honore fragonard
492,Fragonard2.jpg,jean-honore fragonard,jean-honore fragonard
493,Fragonard3.jpg,jean-honore fragonard,francois boucher
494,Fragonard4.jpg,jean-honore fragonard,jean-honore fragonard
495,Fragonard5.jpg,jean-honore fragonard,jean-honore fragonard
496,Fragonard6.jpg,jean-honore fragonard,sir joshua reynolds
497,Franceschini1.jpg,marcantonio franceschini,eustache le sueur
498,FranckenYounger1.jpg,frans francken the younger,david teniers the younger
499,FranckenYounger2.jpg,frans francken the younger,jan davidsz. de heem
500,FranzMarc1.jpg,franz marc,franz marc
501,FranzMarc2.jpg,franz marc,robert delaunay
502,FranzMarc3.jpg,franz marc,franz marc
503,FranzMarc4.jpg,franz marc,franz marc
504,FranzMarc5.jpg,franz marc,franz marc
505,Frieseke1.jpg,frederick carl frieseke,frederick carl frieseke
506,Frieseke2.jpg,frederick carl frieseke,frederick carl frieseke
507,Frieseke3.jpg,frederick carl frieseke,frederick carl frieseke
508,Fyt1.jpg,jan fyt,frans snyders
509,Gainsborough1.jpg,thomas gainsborough,peter paul rubens
510,Gainsborough10.jpg,thomas gainsborough,gilbert stuart
511,Gainsborough2.jpg,thomas gainsborough,salomon van ruysdael
512,Gainsborough3.jpg,thomas gainsborough,aelbert cuyp
513,Gainsborough4.jpg,thomas gainsborough,thomas gainsborough
514,Gainsborough5.jpg,thomas gainsborough,thomas gainsborough
515,Gainsborough6.jpg,thomas gainsborough,philips wouwerman
516,Gainsborough7.jpg,thomas gainsborough,thomas gainsborough
517,Gainsborough8.jpg,thomas gainsborough,thomas gainsborough
518,Gainsborough9.jpg,thomas gainsborough,rosa bonheur
519,Garbieri1.jpg,lorenzo garbieri,giulio cesare procaccini
520,Gargiulo1.jpg,domenico gargiulo,nicolas poussin
521,Garzoni1.jpg,giovanna garzoni,theodore rousseau
522,Gauguin10.jpg,gauguin,pissarro
523,Gauguin12.jpg,gauguin,gauguin
524,Gauguin13.jpg,gauguin,jozsef rippl-ronai
525,Gauguin14.jpg,gauguin,gauguin
526,Gauguin15.jpg,gauguin,gauguin
527,Gauguin16.jpg,gauguin,maximilien luce
528,Gauguin17.jpg,gauguin,gauguin
529,Gauguin18.jpg,gauguin,william mctaggart
530,Gauguin19.jpg,gauguin,gauguin
531,Gauguin2.jpg,gauguin,gauguin
532,Gauguin20.jpg,gauguin,gauguin
533,Gauguin21.jpg,gauguin,gauguin
534,Gauguin22.jpg,gauguin,louis ritman
535,Gauguin23.jpg,gauguin,gauguin
536,Gauguin24.jpg,gauguin,gauguin
537,Gauguin25.jpg,gauguin,gauguin
538,Gauguin3.jpg,gauguin,gauguin
539,Gauguin4.jpg,gauguin,gauguin
540,Gauguin5.jpg,gauguin,gauguin
541,Gauguin6.jpg,gauguin,emile bernard
542,Gauguin7.jpg,gauguin,gauguin
543,Gauguin8.jpg,gauguin,berthe morisot
544,Gauguin9.jpg,gauguin,gauguin
545,Gelder1.jpg,aert de gelder,govert flinck
546,Gennari1.jpg,benedetto gennari,peter lely
547,Gerard1.jpg,francois gerard,hendrick ter brugghen
548,Gerard2.jpg,francois gerard,theodore chasseriau
549,Gericault1.jpg,theodore gericault,alexandre cabanel
550,Gericault2.jpg,theodore gericault,theodore gericault
551,Gerstl1.jpg,richard gerstl,frederick carl frieseke
552,Gerstl2.jpg,richard gerstl,mikhail vrubel
553,Gerstl3.jpg,richard gerstl,lovis corinth
554,Gerstl4.jpg,richard gerstl,giovanni segantini
555,Gestel1.jpg,leo gestel,robert delaunay
556,GheeraertsYounger1.jpg,marcus gheeraerts the younger,ralph earl
557,GheeraertsYounger2.jpg,marcus gheeraerts the younger,nicholas hilliard
558,Giaquinto1.jpg,corrado giaquinto,francois boucher
559,Giersing1.jpg,harald giersing,lovis corinth
560,Giordano1.jpg,luca giordano,sebastiano ricci
561,Giordano2.jpg,luca giordano,jean-baptiste van loo
562,Giordano3.jpg,luca giordano,nicolas poussin
563,Giordano4.jpg,luca giordano,luca giordano
564,Giordano5.jpg,luca giordano,claude-joseph vernet
565,Giordano6.jpg,luca giordano,nicolas poussin
566,Giorgione1.jpg,giorgione,jean-auguste-dominique ingres
567,Giorgione2.jpg,giorgione,nicolas poussin
568,Giorgione3.jpg,giorgione,philippe de champaigne
569,Giorgione4.jpg,giorgione,jacopo da empoli
570,Giorgione5.jpg,giorgione,giorgione
571,Giorgione6.jpg,giorgione,giorgione
572,Goltzius1.jpg,hubert goltzius,frans snyders
573,Gonzales1.jpg,eva gonzales,esdouard manet
574,Goya1.jpg,francisco goya,judith leyster
575,Goya10.jpg,francisco goya,sir joshua reynolds
576,Goya2.jpg,francisco goya,gilbert stuart
577,Goya3.jpg,francisco goya,theodore chasseriau
578,Goya4.jpg,francisco goya,bartolome esteban murillo
579,Goya5.jpg,francisco goya,francisco goya
580,Goya6.jpg,francisco goya,carel fabritius
581,Goya7.jpg,francisco goya,eugene delacroix
582,Goya8.jpg,francisco goya,francisco goya
583,Goya9.jpg,francisco goya,theodore chasseriau
584,Griffier1.jpg,jan griffier,pieter brueghel the younger
585,Griffier2.jpg,jan griffier,william turner
586,Gros1.jpg,antoine jean gros,ivan kramskoi
587,Gros2.jpg,antoine jean gros,eugene delacroix
588,Gruelle1.jpg,richard gruelle,charles-francois daubigny
589,Guercino1.jpg,guercino,guercino
590,Guercino2.jpg,guercino,giorgione
591,Guercino3.jpg,guercino,guercino
592,Guercino4.jpg,guercino,bartolome esteban murillo
593,Guercino5.jpg,guercino,jacopo da empoli
594,Guillaumin1.jpg,armand guillaumin,adolph von menzel
595,Guillaumin2.jpg,armand guillaumin,armand guillaumin
596,Hals1.jpg,frans hals,frans hals
597,Hals2.jpg,frans hals,abraham van calraet
598,Hals3.jpg,frans hals,adolph von menzel
599,Hals4.jpg,frans hals,frans hals
600,Hals5.jpg,frans hals,hendrick ter brugghen
601,Hals6.jpg,frans hals,frans hals
602,Hals7.jpg,frans hals,jean baptiste de champaigne
603,Hals8.jpg,frans hals,frans hals
604,Hassam10.jpg,childe hassam,edouard vuillard
605,Hassam2.jpg,childe hassam,childe hassam
606,Hassam3.jpg,childe hassam,childe hassam
607,Hassam4.jpg,childe hassam,childe hassam
608,Hassam5.jpg,childe hassam,frederick carl frieseke
609,Hassam6.jpg,childe hassam,frederick carl frieseke
610,Hassam7.jpg,childe hassam,max liebermann
611,Hassam8.jpg,childe hassam,max liebermann
612,Hassam9.jpg,childe hassam,frederick carl frieseke
613,HerreraElder1.jpg,francisco herrera the elder,giulio cesare procaccini
614,Herring1.jpg,john frederick herring,august malmstrom
615,Herring10.jpg,john frederick herring,theodore chasseriau
616,Herring11.jpg,john frederick herring,gerard ter borch
617,Herring12.jpg,john frederick herring,george wharton edwards
618,Herring2.jpg,john frederick herring,judith leyster
619,Herring3.jpg,john frederick herring,winslow homer
620,Herring4.jpg,john frederick herring,george wharton edwards
621,Herring5.jpg,john frederick herring,gilbert stuart
622,Herring6.jpg,john frederick herring,winslow homer
623,Herring7.jpg,john frederick herring,thomas gainsborough
624,Herring8.jpg,john frederick herring,george wharton edwards
625,Herring9.jpg,john frederick herring,george wharton edwards
626,Hill1.jpg,nathaniel hill,aelbert cuyp
627,Hilliard1.jpg,nicholas hilliard,nicholas hilliard
628,Hobbema1.jpg,meindert hobbema,salomon van ruysdael
629,Hobbema2.jpg,meindert hobbema,floris van schooten
630,Hogarth1.jpg,william hogarth,william hogarth
631,Hogarth10.jpg,william hogarth,gilbert stuart
632,Hogarth2.jpg,william hogarth,aelbert cuyp
633,Hogarth3.jpg,william hogarth,gilbert stuart
634,Hogarth4.jpg,william hogarth,william hogarth
635,Hogarth5.jpg,william hogarth,joseph ducreux
636,Hogarth6.jpg,william hogarth,william hogarth
637,Hogarth7.jpg,william hogarth,william hogarth
638,Hogarth8.jpg,william hogarth,william hogarth
639,Hogarth9.jpg,william hogarth,joseph ducreux
640,Holbein1.jpg,hans holbein,hans holbein
641,Holbein2.jpg,hans holbein,hans holbein
642,Holbein3.jpg,hans holbein,karel van mander iii
643,Holbein5.jpg,hans holbein,nicholas hilliard
644,Holbein6.jpg,hans holbein,nicholas hilliard
645,Homer1.jpg,winslow homer,winslow homer
646,Homer2.jpg,winslow homer,winslow homer
647,Homer3.jpg,winslow homer,adolph von menzel
648,Homer4.jpg,winslow homer,winslow homer
649,Homer6.jpg,winslow homer,winslow homer
650,Homer7.jpg,winslow homer,winslow homer
651,Homer8.jpg,winslow homer,winslow homer
652,Homer9.jpg,winslow homer,winslow homer
653,Hulsdonck1.jpg,jacob van hulsdonck,paulus potter
654,Hunter1.jpg,leslie hunter,aert de gelder
655,Ingres1.jpg,jean-auguste-dominique ingres,jean-auguste-dominique ingres
656,Ingres2.jpg,jean-auguste-dominique ingres,jean-auguste-dominique ingres
657,Ingres3.jpg,jean-auguste-dominique ingres,jean-auguste-dominique ingres
658,Ingres4.jpg,jean-auguste-dominique ingres,federico de madrazo
659,Ingres6.jpg,jean-auguste-dominique ingres,theodore chasseriau
660,Ingres7.jpg,jean-auguste-dominique ingres,jean-auguste-dominique ingres
661,Jansz1.jpg,pieter jansz,pieter claesz
662,Jawlensky1.jpg,alexej jawlensky,alexej jawlensky
663,Jawlensky2.jpg,alexej jawlensky,alexej jawlensky
664,Jawlensky3.jpg,alexej jawlensky,alexej jawlensky
665,Jawlensky4.jpg,alexej jawlensky,alexej jawlensky
666,Jawlensky5.jpg,alexej jawlensky,alexej jawlensky
667,Jeaurat1.jpg,etienne jeaurat,johann friedrich overbeck
668,Jongkind1.jpg,johan jongkind,william mctaggart
669,Jongkind2.jpg,johan jongkind,august malmstrom
670,Jongkind3.jpg,johan jongkind,charles-francois daubigny
671,Jongkind4.jpg,johan jongkind,paulus potter
672,Jordaens1.jpg,jacob jordaens,jean-baptiste van loo
673,Jordaens3.jpg,jacob jordaens,jacob jordaens
674,Jordaens4.jpg,jacob jordaens,jacob van hulsdonck
675,Jordaens5.jpg,jacob jordaens,tintoretto
676,Jordaens6.jpg,jacob jordaens,benjamin west
677,Kalf1.jpg,willem kalf,willem kalf
678,Kalf2.jpg,willem kalf,willem kalf
679,Khnopff1.jpg,fernand khnopff,fernand khnopff
680,Kiprensky1.jpg,orest kiprensky,jean-auguste-dominique ingres
681,Kiprensky2.jpg,orest kiprensky,jean-auguste-dominique ingres
682,Kiprensky3.jpg,orest kiprensky,theodore chasseriau
683,Kirchner1.jpg,ernst kirchner,ernst kirchner
684,Kirchner2.jpg,ernst kirchner,ernst kirchner
685,Kirchner3.jpg,ernst kirchner,ernst kirchner
686,Kirchner4.jpg,ernst kirchner,ernst kirchner
687,Kirchner5.jpg,ernst kirchner,ernst kirchner
688,Kirchner6.jpg,ernst kirchner,ernst kirchner
689,Klee1.jpg,paul klee,paul klee
690,Klee2.jpg,paul klee,paul klee
691,Kneller1.jpg,odfrey kneller,pieter de grebber
692,Kneller2.jpg,odfrey kneller,sir joshua reynolds
693,Kneller3.jpg,odfrey kneller,sir joshua reynolds
694,Knupfer1.jpg,nikolaus knupfer,jacques-louis david
695,Koets1.jpg,roelof koets,rachel ruysch
696,Koninck1.jpg,salomon koninck,benjamin west
697,Korovin1.jpg,konstantin korovin,konstantin korovin
698,Kramskoi1.jpg,ivan kramskoi,ivan kramskoi
699,Kramskoi2.jpg,ivan kramskoi,henri fantin-latour
700,Kuindzhi1.jpg,arkhip kuindzhi,arkhip kuindzhi
701,Lamb1.jpg,henry lamb,mary cassatt
702,Lanfranco1.jpg,giovanni lanfranco,benjamin west
703,Laroon1.jpg,marcellus laroon,antoine watteau
704,Laroon2.jpg,marcellus laroon,jean-honore fragonard
705,Laroon3.jpg,marcellus laroon,gilbert stuart
706,Laroon4.jpg,marcellus laroon,antoine watteau
707,Laroon7.jpg,marcellus laroon,john frederick herring
708,Laroon8.jpg,marcellus laroon,jean-honore fragonard
709,Lastman2.jpg,pieter lastman,joachim wtewael
710,Latour1.jpg,henri fantin-latour,federico de madrazo
711,Latour2.jpg,henri fantin-latour,pierre-auguste renoir
712,Latour3.jpg,henri fantin-latour,rachel ruysch
713,Latour4.jpg,henri fantin-latour,henri fantin-latour
714,Latour5.jpg,henri fantin-latour,paulus potter
715,Latour6.jpg,henri fantin-latour,henri fantin-latour
716,Latour7.jpg,henri fantin-latour,henri fantin-latour
717,Latour8.jpg,henri fantin-latour,henri fantin-latour
718,Laval1.jpg,charles laval,esdouard manet
719,LeBrun1.jpg,charles le brun,charles le brun
720,LeBrun2.jpg,charles le brun,nicolas poussin
721,LeBrun3.jpg,charles le brun,nicolas poussin
722,LeSidaner1.jpg,henri le sidaner,henri le sidaner
723,LeSidaner2.jpg,henri le sidaner,robert vonnoh
724,LeSidaner3.jpg,henri le sidaner,henri le sidaner
725,LeSueur1.jpg,eustache le sueur,benjamin west
726,Lely1.jpg,peter lely,anthony van dyck
727,Lely2.jpg,peter lely,peter lely
728,Lely3.jpg,peter lely,anthony van dyck
729,Lely4.jpg,peter lely,peter lely
730,Lely6.jpg,peter lely,peter lely
731,Lely7.jpg,peter lely,peter lely
732,Levitan1.jpg,isaac levitan,isaac levitan
733,Leyster1.jpg,judith leyster,judith leyster
734,Leyster2.jpg,judith leyster,hendrick ter brugghen
735,Leyster3.jpg,judith leyster,judith leyster
736,Liebermann1.jpg,max liebermann,henry tonks
737,Liebermann2.jpg,max liebermann,max liebermann
738,Liebermann3.jpg,max liebermann,william merritt chase
739,Liebermann4.jpg,max liebermann,max liebermann
740,Liebermann5.jpg,max liebermann,max liebermann
741,Liebermann6.jpg,max liebermann,max liebermann
742,Lotto1.jpg,lorenzo lotto,lorenzo lotto
743,Lotto2.jpg,lorenzo lotto,pierre puvis de chavannes
744,Lotto3.jpg,lorenzo lotto,lorenzo lotto
745,Lotto4.jpg,lorenzo lotto,jacopo da empoli
746,Lotto5.jpg,lorenzo lotto,johann friedrich overbeck
747,Lotto6.jpg,lorenzo lotto,eustache le sueur
748,LouisDavid1.jpg,jacques-louis david,theodore chasseriau
749,LouisDavid2.jpg,jacques-louis david,jean-auguste-dominique ingres
750,LouisDavid3.jpg,jacques-louis david,jacques-louis david
751,LouisDavid4.jpg,jacques-louis david,jean-auguste-dominique ingres
752,LouisDavid6.jpg,jacques-louis david,jacques-louis david
753,LouisDavid7.jpg,jacques-louis david,jacques-louis david
754,LouisDavid8.jpg,jacques-louis david,jacques-louis david
755,Luce1.jpg,maximilien luce,anton mauve
756,Luce2.jpg,maximilien luce,maximilien luce
757,Luycx1.jpg,frans luycx,hyacinthe rigaud
758,Lyall1.jpg,laura muntz lyall,william-adolphe bouguereau
759,Maes2.jpg,nicolaes maes,anthony van dyck
760,Maes3.jpg,nicolaes maes,gabriel metsu
761,Magnasco1.jpg,alessandro magnasco,salvator rosa
762,Magnasco2.jpg,alessandro magnasco,salvator rosa
763,Magnasco3.jpg,alessandro magnasco,nicolas poussin
764,Malharro1.jpg,martin malharro,childe hassam
765,Malharro2.jpg,martin malharro,maximilien luce
766,Malharro3.jpg,martin malharro,charles-francois daubigny
767,Malharro4.jpg,martin malharro,childe hassam
768,Malharro5.jpg,martin malharro,john henry twachtman
769,Malmstrom1.jpg,august malmstrom,august malmstrom
770,Manet1.jpg,edouard manet,esdouard manet
771,Manet10.jpg,edouard manet,esdouard manet
772,Manet11.jpg,edouard manet,pierre puvis de chavannes
773,Manet12.jpg,edouard manet,joaquin sorolla
774,Manet13.jpg,edouard manet,edouard manet
775,Manet14.jpg,edouard manet,esdouard manet
776,Manet15.jpg,edouard manet,gustave caillebotte
777,Manet16.jpg,edouard manet,edouard manet
778,Manet17.jpg,edouard manet,esdouard manet
779,Manet18.jpg,esdouard manet,santiago rusinol
780,Manet19.jpg,edouard manet,esdouard manet
781,Manet2.jpg,edouard manet,edmund c. tarbell
782,Manet20.jpg,edouard manet,valentin serov
783,Manet21.jpg,edouard manet,edouard manet
784,Manet22.jpg,edouard manet,mary cassatt
785,Manet23.jpg,edouard manet,toulouse-lautrec
786,Manet24.jpg,edouard manet,hendrick ter brugghen
787,Manet3.jpg,edouard manet,joaquin sorolla
788,Manet4.jpg,edouard manet,lovis corinth
789,Manet5.jpg,edouard manet,mary cassatt
790,Manet6.jpg,edouard manet,gustave caillebotte
791,Manet7.jpg,edouard manet,edmund c. tarbell
792,Manet8.jpg,edouard manet,esdouard manet
793,Manet9.jpg,edouard manet,edouard manet
794,Manfredi1.jpg,bartolomeo manfredi,bartolome esteban murillo
795,MartendeVos1.jpg,marten de vos,tintoretto
796,Matsys1.jpg,quentin matsys,quentin matsys
797,Mauve1.jpg,anton mauve,giovanni segantini
798,Mauve2.jpg,anton mauve,charles-francois daubigny
799,Mauve3.jpg,anton mauve,jean-francois millet
800,Mauve4.jpg,anton mauve,charles-francois daubigny
801,Mauve5.jpg,anton mauve,charles-francois daubigny
802,McTaggart1.jpg,william mctaggart,jules breton
803,Mellin1.jpg,charles mellin,fernand khnopff
804,Mengs1.jpg,anton raphael mengs,simon vouet
805,Mengs2.jpg,anton raphael mengs,jean-baptiste van loo
806,MerrittChase1.jpg,william merritt chase,robert vonnoh
807,MerrittChase2.jpg,william merritt chase,edmund c. tarbell
808,MerrittChase3.jpg,william merritt chase,isaac levitan
809,MerrittChase4.jpg,william merritt chase,henri fantin-latour
810,MerrittChase5.jpg,william merritt chase,william merritt chase
811,MerrittChase6.jpg,william merritt chase,mary cassatt
812,MerrittChase7.jpg,william merritt chase,berthe morisot
813,MerrittChase8.jpg,william merritt chase,henri fantin-latour
814,Metcalf1.jpg,willard metcalf,edmund c. tarbell
815,Metcalf2.jpg,willard metcalf,ivan shishkin
816,Metsu1.jpg,gabriel metsu,gabriel metsu
817,Metsu2.jpg,gabriel metsu,gabriel metsu
818,Metsu3.jpg,gabriel metsu,jusepe de ribera
819,Mignon1.jpg,abraham mignon,rachel ruysch
820,Millet1.jpg,jean-francois millet,jean-francois millet
821,Millet2.jpg,jean-francois millet,jean-francois millet
822,Millet3.jpg,jean-francois millet,jean-francois millet
823,Millet4.jpg,jean-francois millet,jean-francois millet
824,Millet5.jpg,jean-francois millet,jean-francois millet
825,Millet6.jpg,jean-francois millet,jean-francois millet
826,Millet7.jpg,jean-francois millet,jules breton
827,Millet8.jpg,jean-francois millet,august malmstrom
828,Millet9.jpg,jean-francois millet,gerard ter borch
829,Miranda1.jpg,juan carreno de miranda,luca giordano
830,Mola1.jpg,pier francesco mola,salvator rosa
831,Monet1.jpg,monet,monet
832,Monet10.jpg,monet,robert vonnoh
833,Monet11.jpg,monet,monet
834,Monet12.jpg,monet,monet
835,Monet13.jpg,monet,alfred sisley
836,Monet14.jpg,monet,berthe morisot
837,Monet15.jpg,monet,pissarro
838,Monet16.jpg,monet,monet
839,Monet17.jpg,monet,william mctaggart
840,Monet18.jpg,monet,pissarro
841,Monet19.jpg,monet,elizabeth charleston
842,Monet2.jpg,monet,charles-francois daubigny
843,Monet20.jpg,monet,monet
844,Monet21.jpg,monet,john henry twachtman
845,Monet22.jpg,monet,monet
846,Monet23.jpg,monet,monet
847,Monet24.jpg,monet,william mctaggart
848,Monet26.jpg,monet,alfred sisley
849,Monet28.jpg,monet,maximilien luce
850,Monet29.jpg,monet,monet
851,Monet3.jpg,monet,alfred sisley
852,Monet31.jpg,monet,leo gestel
853,Monet34.jpg,monet,william mctaggart
854,Monet35.jpg,monet,charles-francois daubigny
855,Monet36.jpg,monet,monet
856,Monet37.jpg,monet,childe hassam
857,Monet38.jpg,monet,max liebermann
858,Monet39.jpg,monet,henri le sidaner
859,Monet4.jpg,monet,monet
860,Monet40.jpg,monet,leo gestel
861,Monet41.jpg,monet,monet
862,Monet5.jpg,monet,maurice prendergast
863,Monet7.jpg,monet,maximilien luce
864,Monet8.jpg,monet,alfred sisley
865,Monet9.jpg,monet,monet
866,Moreau1.jpg,gustave moreau,gustave moreau
867,Morisot1.jpg,berthe morisot,berthe morisot
868,Morisot2.jpg,berthe morisot,berthe morisot
869,MulierElder1.jpg,pieter mulier the elder,william turner
870,Munnichhoven1.jpg,hendrik munnichhoven,jean-baptiste van loo
871,Murillo1.jpg,bartolome esteban murillo,bartolome esteban murillo
872,Murillo2.jpg,bartolome esteban murillo,bartolome esteban murillo
873,Murillo3.jpg,bartolome esteban murillo,giulio cesare procaccini
874,Murillo4.jpg,bartolome esteban murillo,jean-baptiste-simeon chardin
875,Murillo5.jpg,bartolome esteban murillo,francisco de zurbaran
876,Murillo6.jpg,bartolome esteban murillo,bartolome esteban murillo
877,Murillo7.jpg,bartolome esteban murillo,bartolome esteban murillo
878,Nonell1.jpg,isidre nonell,lovis corinth
879,Nonell10.jpg,isidre nonell,john henry twachtman
880,Nonell2.jpg,isidre nonell,toulouse-lautrec
881,Nonell3.jpg,isidre nonell,pierre-auguste renoir
882,Nonell4.jpg,isidre nonell,pierre-auguste renoir
883,Nonell5.jpg,isidre nonell,henri fantin-latour
884,Nonell6.jpg,isidre nonell,toulouse-lautrec
885,Nonell8.jpg,isidre nonell,jozsef rippl-ronai
886,Nonell9.jpg,isidre nonell,edgar degas
887,Nuvolone1.jpg,carlo francesco nuvolone,benjamin west
888,Oliver1.jpg,isaac oliver,gerard ter borch
889,Overbeck1.jpg,johann friedrich overbeck,johann friedrich overbeck
890,Panini1.jpg,giovanni paolo panini,francesco albani
891,Panini2.jpg,giovanni paolo panini,francesco albani
892,Paolini1.jpg,pietro paolini,thomas eakins
893,Parmigianino1.jpg,parmigianino,paolo veronese
894,Parmigianino3.jpg,parmigianino,parmigianino
895,Pellegrini1.jpg,giovanni antonio pellegrini,simon vouet
896,Perov1.jpg,vasily perov,george frederic watts
897,Perov2.jpg,vasily perov,adolph von menzel
898,PhilippedeChampaigne1.jpg,philippe de champaigne,jean baptiste de champaigne
899,Philipsen1.jpg,theodor philipsen,charles-francois daubigny
900,Philipsen2.jpg,theodor philipsen,max liebermann
901,Pissarro1.jpg,pissarro,pissarro
902,Pissarro10.jpg,pissarro,pissarro
903,Pissarro11.jpg,pissarro,alfred sisley
904,Pissarro12.jpg,pissarro,pissarro
905,Pissarro13.jpg,pissarro,pissarro
906,Pissarro14.jpg,pissarro,alfred sisley
907,Pissarro15.jpg,pissarro,charles-francois daubigny
908,Pissarro16.jpg,pissarro,alfred sisley
909,Pissarro18.jpg,pissarro,ivan shishkin
910,Pissarro19.jpg,pissarro,pissarro
911,Pissarro2.jpg,pissarro,jean-francois millet
912,Pissarro20.jpg,pissarro,signac
913,Pissarro21.jpg,pissarro,pissarro
914,Pissarro22.jpg,pissarro,armand guillaumin
915,Pissarro4.jpg,pissarro,pissarro
916,Pissarro5.jpg,pissarro,pissarro
917,Pissarro6.jpg,pissarro,louis ritman
918,Pissarro8.jpg,pissarro,armand guillaumin
919,Pissarro9.jpg,pissarro,alfred sisley
920,Polenov1.jpg,vasily polenov,vasily polenov
921,Pollard1.jpg,james pollard,hendrick avercamp
922,Pollard10.jpg,james pollard,floris van schooten
923,Pollard11.jpg,james pollard,elizabeth charleston
924,Pollard12.jpg,james pollard,elizabeth charleston
925,Pollard2.jpg,james pollard,hendrick avercamp
926,Pollard3.jpg,james pollard,john trumbull
927,Pollard4.jpg,james pollard,aelbert cuyp
928,Pollard6.jpg,james pollard,george wharton edwards
929,Pollard7.jpg,james pollard,aelbert cuyp
930,Pollard8.jpg,james pollard,aelbert cuyp
931,Pollard9.jpg,james pollard,george wharton edwards
932,Pontormo1.jpg,pontormo,jacopo da empoli
933,Pontormo2.jpg,pontormo,giulio cesare procaccini
934,Pontormo3.jpg,pontormo,georges de la tour
935,Pontormo4.jpg,pontormo,pontormo
936,Potter1.jpg,paulus potter,aelbert cuyp
937,Poussin1.jpg,nicolas poussin,nicolas poussin
938,Poussin10.jpg,nicolas poussin,nicolas poussin
939,Poussin11.jpg,nicolas poussin,nicolas poussin
940,Poussin12.jpg,nicolas poussin,nicolas poussin
941,Poussin13.jpg,nicolas poussin,sebastiano ricci
942,Poussin14.jpg,nicolas poussin,nicolas poussin
943,Poussin15.jpg,nicolas poussin,nicolas poussin
944,Poussin16.jpg,nicolas poussin,nicolas poussin
945,Poussin18.jpg,nicolas poussin,nicolas poussin
946,Poussin19.jpg,nicolas poussin,nicolas poussin
947,Poussin20.jpg,nicolas poussin,nicolas poussin
948,Poussin3.jpg,nicolas poussin,nicolas poussin
949,Poussin4.jpg,nicolas poussin,nicolas poussin
950,Poussin5.jpg,nicolas poussin,nicolas poussin
951,Poussin6.jpg,nicolas poussin,nicolas poussin
952,Poussin7.jpg,nicolas poussin,giovanni battista tiepolo
953,Poussin8.jpg,nicolas poussin,nicolas poussin
954,Poussin9.jpg,nicolas poussin,sebastiano ricci
955,Prendergast1.jpg,maurice prendergast,armand guillaumin
956,Preti1.jpg,mattia preti,jacopo da empoli
957,Preti2.jpg,mattia preti,abraham bloemaert
958,Procaccini2.jpg,giulio cesare procaccini,giulio cesare procaccini
959,Pynacker1.jpg,adam pynacker,aelbert cuyp
960,Pynacker2.jpg,adam pynacker,august malmstrom
961,Redon1.jpg,odilon redon,odilon redon
962,Redon2.jpg,odilon redon,john henry twachtman
963,Redon3.jpg,odilon redon,odilon redon
964,Redon4.jpg,odilon redon,fernand khnopff
965,Redon6.jpg,odilon redon,odilon redon
966,Redon7.jpg,odilon redon,odilon redon
967,Rembrandt1.jpg,rembrandt,willem drost
968,Rembrandt10.jpg,rembrandt,aert de gelder
969,Rembrandt11.jpg,rembrandt,rembrandt
970,Rembrandt12.jpg,rembrandt,george frederic watts
971,Rembrandt13.jpg,rembrandt,willem drost
972,Rembrandt14.jpg,rembrandt,rembrandt
973,Rembrandt16.jpg,rembrandt,benjamin west
974,Rembrandt17.jpg,rembrandt,william turner
975,Rembrandt19.jpg,rembrandt,august malmstrom
976,Rembrandt2.jpg,rembrandt,rembrandt
977,Rembrandt20.jpg,rembrandt,bartholomeus breenbergh
978,Rembrandt21.jpg,rembrandt,thomas gainsborough
979,Rembrandt22.jpg,rembrandt,gerard ter borch
980,Rembrandt23.jpg,rembrandt,sir joshua reynolds
981,Rembrandt24.jpg,rembrandt,rembrandt
982,Rembrandt25.jpg,rembrandt,philips wouwerman
983,Rembrandt26.jpg,rembrandt,bartholomeus breenbergh
984,Rembrandt27.jpg,rembrandt,hendrick ter brugghen
985,Rembrandt28.jpg,rembrandt,adriaen van de venne
986,Rembrandt29.jpg,rembrandt,anthony van dyck
987,Rembrandt30.jpg,rembrandt,willem drost
988,Rembrandt31.jpg,rembrandt,philips wouwerman
989,Rembrandt32.jpg,rembrandt,govert flinck
990,Rembrandt33.jpg,rembrandt,aert de gelder
991,Rembrandt34.jpg,rembrandt,aert de gelder
992,Rembrandt35.jpg,rembrandt,willem drost
993,Rembrandt36.jpg,rembrandt,edmund c. tarbell
994,Rembrandt37.jpg,rembrandt,theodore chasseriau
995,Rembrandt38.jpg,rembrandt,hendrick ter brugghen
996,Rembrandt39.jpg,rembrandt,aert de gelder
997,Rembrandt40.jpg,rembrandt,aert de gelder
998,Rembrandt41.jpg,rembrandt,theodore chasseriau
999,Rembrandt42.jpg,rembrandt,anthony van dyck
1000,Rembrandt5.jpg,rembrandt,adriaen van ostade
1001,Rembrandt6.jpg,rembrandt,jean-baptiste van loo
1002,Rembrandt7.jpg,rembrandt,philips wouwerman
1003,Rembrandt8.jpg,rembrandt,judith leyster
1004,Rembrandt9.jpg,rembrandt,cornelis saftleven
1005,Reni1.jpg,guido reni,domenichino
1006,Reni2.jpg,guido reni,eustache le sueur
1007,Reni3.jpg,guido reni,nicolas poussin
1008,Reni4.jpg,guido reni,francisco de zurbaran
1009,Reni5.jpg,guido reni,peter lely
1010,Renoir1.jpg,pierre-auguste renoir,pierre-auguste renoir
1011,Renoir10.jpg,pierre-auguste renoir,pierre-auguste renoir
1012,Renoir11.jpg,pierre-auguste renoir,pierre-auguste renoir
1013,Renoir12.jpg,pierre-auguste renoir,pierre-auguste renoir
1014,Renoir13.jpg,pierre-auguste renoir,pierre-auguste renoir
1015,Renoir14.jpg,pierre-auguste renoir,pierre-auguste renoir
1016,Renoir15.jpg,pierre-auguste renoir,pierre-auguste renoir
1017,Renoir16.jpg,pierre-auguste renoir,pierre-auguste renoir
1018,Renoir17.jpg,pierre-auguste renoir,pierre-auguste renoir
1019,Renoir18.jpg,pierre-auguste renoir,pierre-auguste renoir
1020,Renoir19.jpg,pierre-auguste renoir,pierre-auguste renoir
1021,Renoir2.jpg,pierre-auguste renoir,pierre-auguste renoir
1022,Renoir20.jpg,pierre-auguste renoir,eugene boudin
1023,Renoir21.jpg,pierre-auguste renoir,toulouse-lautrec
1024,Renoir23.jpg,pierre-auguste renoir,mary cassatt
1025,Renoir24.jpg,pierre-auguste renoir,mary cassatt
1026,Renoir25.jpg,pierre-auguste renoir,pierre-auguste renoir
1027,Renoir26.jpg,pierre-auguste renoir,john henry twachtman
1028,Renoir27.jpg,pierre-auguste renoir,max liebermann
1029,Renoir28.jpg,pierre-auguste renoir,pissarro
1030,Renoir29.jpg,pierre-auguste renoir,pierre-auguste renoir
1031,Renoir3.jpg,pierre-auguste renoir,pierre-auguste renoir
1032,Renoir30.jpg,pierre-auguste renoir,pierre-auguste renoir
1033,Renoir31.jpg,pierre-auguste renoir,pierre-auguste renoir
1034,Renoir32.jpg,pierre-auguste renoir,john henry twachtman
1035,Renoir33.jpg,pierre-auguste renoir,pierre-auguste renoir
1036,Renoir34.jpg,pierre-auguste renoir,pierre-auguste renoir
1037,Renoir35.jpg,pierre-auguste renoir,fernand khnopff
1038,Renoir36.jpg,pierre-auguste renoir,william mctaggart
1039,Renoir37.jpg,pierre-auguste renoir,john henry twachtman
1040,Renoir38.jpg,pierre-auguste renoir,max liebermann
1041,Renoir39.jpg,pierre-auguste renoir,mary cassatt
1042,Renoir4.jpg,pierre-auguste renoir,lovis corinth
1043,Renoir5.jpg,pierre-auguste renoir,william mctaggart
1044,Renoir6.jpg,pierre-auguste renoir,mary cassatt
1045,Renoir7.jpg,pierre-auguste renoir,pierre-auguste renoir
1046,Renoir8.jpg,pierre-auguste renoir,pierre-auguste renoir
1047,Renoir9.jpg,pierre-auguste renoir,pierre-auguste renoir
1048,Repin1.jpg,ilya repin,charles-francois daubigny
1049,Repin2.jpg,ilya repin,charles-francois daubigny
1050,Repin3.jpg,ilya repin,winslow homer
1051,Repin4.jpg,ilya repin,vasily surikov
1052,Repin5.jpg,ilya repin,ilya repin
1053,Reynolds1.jpg,sir joshua reynolds,john trumbull
1054,Reynolds10.jpg,sir joshua reynolds,theodore chasseriau
1055,Reynolds11.jpg,sir joshua reynolds,thomas gainsborough
1056,Reynolds12.jpg,sir joshua reynolds,sir joshua reynolds
1057,Reynolds13.jpg,sir joshua reynolds,thomas gainsborough
1058,Reynolds14.jpg,sir joshua reynolds,john henry twachtman
1059,Reynolds15.jpg,sir joshua reynolds,gilbert stuart
1060,Reynolds16.jpg,sir joshua reynolds,gilbert stuart
1061,Reynolds17.jpg,sir joshua reynolds,thomas gainsborough
1062,Reynolds2.jpg,sir joshua reynolds,sir joshua reynolds
1063,Reynolds3.jpg,sir joshua reynolds,sir joshua reynolds
1064,Reynolds4.jpg,sir joshua reynolds,sir joshua reynolds
1065,Reynolds5.jpg,sir joshua reynolds,sir joshua reynolds
1066,Reynolds6.jpg,sir joshua reynolds,thomas gainsborough
1067,Reynolds7.jpg,sir joshua reynolds,sir joshua reynolds
1068,Reynolds8.jpg,sir joshua reynolds,thomas gainsborough
1069,Reynolds9.jpg,sir joshua reynolds,sir joshua reynolds
1070,Ricci1.jpg,marco ricci,johann zoffany
1071,Ricci2.jpg,marco ricci,joseph ducreux
1072,Richter1.jpg,ludwig richter,august malmstrom
1073,Richter2.jpg,ludwig richter,august malmstrom
1074,Richter3.jpg,ludwig richter,august malmstrom
1075,Richter4.jpg,ludwig richter,johann zoffany
1076,Rigaud1.jpg,hyacinthe rigaud,hyacinthe rigaud
1077,Rigaud2.jpg,hyacinthe rigaud,hyacinthe rigaud
1078,Rigaud3.jpg,hyacinthe rigaud,hyacinthe rigaud
1079,Rigaud4.jpg,hyacinthe rigaud,hyacinthe rigaud
1080,Rigaud5.jpg,hyacinthe rigaud,hyacinthe rigaud
1081,Rigaud6.jpg,hyacinthe rigaud,hyacinthe rigaud
1082,Rigaud7.jpg,hyacinthe rigaud,jean-baptiste van loo
1083,RipplRonai1.jpg,jozsef rippl-ronai,emile bernard
1084,RipplRonai2.jpg,jozsef rippl-ronai,santiago rusinol
1085,Ritman1.jpg,louis ritman,henri rousseau
1086,Rizi1.jpg,francisco rizi,tintoretto
1087,Rizi2.jpg,francisco rizi,tintoretto
1088,Rizi3.jpg,francisco rizi,anthony van dyck
1089,Romanelli1.jpg,giovanni francesco romanelli,nicolas poussin
1090,Romano1.jpg,giulio romano,jacopo da empoli
1091,Rombouts1.jpg,theodoor rombouts,caravaggio
1092,Rosa1.jpg,salvator rosa,giorgione
1093,Rosa2.jpg,salvator rosa,salvator rosa
1094,Rosa3.jpg,salvator rosa,eugene delacroix
1095,Rosa4.jpg,salvator rosa,salvator rosa
1096,Rousseau1.jpg,henri rousseau,henri rousseau
1097,Rousseau10.jpg,henri rousseau,pierre puvis de chavannes
1098,Rousseau2.jpg,henri rousseau,henri rousseau
1099,Rousseau3.jpg,henri rousseau,henri rousseau
1100,Rousseau4.jpg,henri rousseau,henri rousseau
1101,Rousseau5.jpg,henri rousseau,henri rousseau
1102,Rousseau6.jpg,henri rousseau,henri rousseau
1103,Rousseau7.jpg,henri rousseau,henri rousseau
1104,Rousseau8.jpg,henri rousseau,henri rousseau
1105,Rousseau9.jpg,henri rousseau,henri rousseau
1106,Rubens1.jpg,peter paul rubens,marcus gheeraerts the younger
1107,Rubens10.jpg,peter paul rubens,peter paul rubens
1108,Rubens2.jpg,peter paul rubens,tintoretto
1109,Rubens3.jpg,peter paul rubens,frans snyders
1110,Rubens4.jpg,peter paul rubens,jusepe de ribera
1111,Rubens5.jpg,peter paul rubens,francois boucher
1112,Rubens6.jpg,peter paul rubens,anthony van dyck
1113,Rubens7.jpg,peter paul rubens,giulio cesare procaccini
1114,Rubens8.jpg,peter paul rubens,jean-baptiste van loo
1115,Rubens9.jpg,peter paul rubens,govert flinck
1116,Runge1.jpg,philipp otto runge,bronzino
1117,Ruokokoski1.jpg,jalmari ruokokoski,paula modersohn-becker
1118,Ruokokoski2.jpg,jalmari ruokokoski,jozsef rippl-ronai
1119,Ruokokoski3.jpg,jalmari ruokokoski,alexej jawlensky
1120,Rusinol1.jpg,santiago rusinol,santiago rusinol
1121,Rusinol10.jpg,santiago rusinol,charles-francois daubigny
1122,Rusinol11.jpg,santiago rusinol,emile bernard
1123,Rusinol12.jpg,santiago rusinol,mary cassatt
1124,Rusinol13.jpg,santiago rusinol,charles-francois daubigny
1125,Rusinol14.jpg,santiago rusinol,santiago rusinol
1126,Rusinol2.jpg,santiago rusinol,santiago rusinol
1127,Rusinol3.jpg,santiago rusinol,santiago rusinol
1128,Rusinol4.jpg,santiago rusinol,santiago rusinol
1129,Rusinol5.jpg,santiago rusinol,santiago rusinol
1130,Rusinol6.jpg,santiago rusinol,santiago rusinol
1131,Rusinol7.jpg,santiago rusinol,santiago rusinol
1132,Rusinol8.jpg,santiago rusinol,santiago rusinol
1133,Rusinol9.jpg,santiago rusinol,santiago rusinol
1134,Ruysch1.jpg,rachel ruysch,rachel ruysch
1135,Saenredam1.jpg,pieter jansz saenredam ,cornelis devos
1136,Saenredam2.jpg,pieter jansz saenredam ,karel dujardin
1137,Saenredam3.jpg,pieter jansz saenredam ,cornelis devos
1138,Saenredam4.jpg,pieter jansz saenredam ,karel dujardin
1139,Saenredam5.jpg,pieter jansz saenredam ,cornelis devos
1140,Saenredam6.jpg,pieter jansz saenredam ,cornelis devos
1141,Saenredam7.jpg,pieter jansz saenredam ,francesco albani
1142,Saftleven1.jpg,cornelis saftleven,david teniers the younger
1143,Sailmaker1.jpg,isaac sailmaker,bartholomeus breenbergh
1144,Sailmaker2.jpg,isaac sailmaker,bartholomeus breenbergh
1145,Sanzio1.jpg,raffaello sanzio,bronzino
1146,Sanzio2.jpg,raffaello sanzio,parmigianino
1147,Sanzio3.jpg,raffaello sanzio,lucas van leyden
1148,Sanzio4.jpg,raffaello sanzio,bronzino
1149,Sanzio5.jpg,raffaello sanzio,jacopo da empoli
1150,Savery1.jpg,roelant savery,maarten van heemskerck
1151,Savrasov1.jpg,alexei savrasov,charles-francois daubigny
1152,SebastianoRicci1.jpg,sebastiano ricci,nicolas poussin
1153,SebastianoRicci2.jpg,sebastiano ricci,abraham bloemaert
1154,SebastianoRicci3.jpg,sebastiano ricci,abraham bloemaert
1155,SebastianoRicci4.jpg,sebastiano ricci,jean-auguste-dominique ingres
1156,Segantini1.jpg,giovanni segantini,giovanni segantini
1157,Serov1.jpg,valentin serov,karoly ferenczy
1158,Serov2.jpg,valentin serov,valentin serov
1159,Serov3.jpg,valentin serov,william merritt chase
1160,Seurat1.jpg,seurat,seurat
1161,Shishkin1.jpg,ivan shishkin,ivan shishkin
1162,Shishkin2.jpg,ivan shishkin,ivan shishkin
1163,Siberechts1.jpg,jan siberechts,maarten van heemskerck
1164,Signac1.jpg,signac,jozsef rippl-ronai
1165,Signac10.jpg,signac,alfred sisley
1166,Signac2.jpg,signac,signac
1167,Signac3.jpg,signac,henri le sidaner
1168,Signac4.jpg,signac,signac
1169,Signac5.jpg,signac,signac
1170,Signac6.jpg,signac,emile bernard
1171,Signac7.jpg,signac,signac
1172,Signac8.jpg,signac,signac
1173,Signac9.jpg,signac,signac
1174,Sisley1.jpg,alfred sisley,alfred sisley
1175,Sisley10.jpg,alfred sisley,alfred sisley
1176,Sisley11.jpg,alfred sisley,alfred sisley
1177,Sisley12.jpg,alfred sisley,alfred sisley
1178,Sisley13.jpg,alfred sisley,alfred sisley
1179,Sisley14.jpg,alfred sisley,charles-francois daubigny
1180,Sisley2.jpg,alfred sisley,alfred sisley
1181,Sisley3.jpg,alfred sisley,armand guillaumin
1182,Sisley4.jpg,alfred sisley,alfred sisley
1183,Sisley5.jpg,alfred sisley,alfred sisley
1184,Sisley6.jpg,alfred sisley,alfred sisley
1185,Sisley7.jpg,alfred sisley,charles-francois daubigny
1186,Sisley8.jpg,alfred sisley,alfred sisley
1187,Sisley9.jpg,alfred sisley,alfred sisley
1188,Skovgaard1.jpg,p. c. skovgaard,asher brown durand
1189,Skreta1.jpg,karel skreta,johannes cornelisz verspronck
1190,Snyders1.jpg,frans snyders,frans snyders
1191,Snyders2.jpg,frans snyders,frans snyders
1192,Soest1.jpg,gerard soest,hyacinthe rigaud
1193,Sorolla1.jpg,joaquin sorolla,alexej jawlensky
1194,Sorolla2.jpg,joaquin sorolla,frank weston benson
1195,Sorolla3.jpg,joaquin sorolla,santiago rusinol
1196,Spranger1.jpg,bartholomeus spranger,jacopo da empoli
1197,Stanzione1.jpg,massimo stanzione,guercino
1198,Staphorst1.jpg,abraham staphorst,aelbert cuyp
1199,Steele1.jpg,t. c. steele,willard metcalf
1200,Steele2.jpg,t. c. steele,willard metcalf
1201,Steen1.jpg,jan havicksz. steen,gabriel metsu
1202,Steen10.jpg,jan havicksz. steen,gabriel metsu
1203,Steen11.jpg,jan havicksz. steen,william hogarth
1204,Steen12.jpg,jan havicksz. steen,jan havicksz. steen
1205,Steen13.jpg,jan havicksz. steen,lucas van leyden
1206,Steen2.jpg,jan havicksz. steen,david teniers the younger
1207,Steen3.jpg,jan havicksz. steen,gabriel metsu
1208,Steen4.jpg,jan havicksz. steen,philips wouwerman
1209,Steen5.jpg,jan havicksz. steen,gabriel metsu
1210,Steen6.jpg,jan havicksz. steen,gabriel metsu
1211,Steen8.jpg,jan havicksz. steen,jan havicksz. steen
1212,Steen9.jpg,jan havicksz. steen,jan havicksz. steen
1213,Stom1.jpg,matthias stom,gerard van honthorst
1214,Stom2.jpg,matthias stom,gerrit dou
1215,Stom3.jpg,matthias stom,charles le brun
1216,Stuart1.jpg,gilbert stuart,gilbert stuart
1217,Stuart2.jpg,gilbert stuart,jean-auguste-dominique ingres
1218,Stuck1.jpg,franz stuck,franz stuck
1219,Surikov1.jpg,vasily surikov,vasily surikov
1220,Surikov2.jpg,vasily surikov,vasily surikov
1221,Surikov4.jpg,vasily surikov,viktor vasnetsov
1222,TRousseau1.jpg,theodore rousseau,charles-francois daubigny
1223,TRousseau2.jpg,theodore rousseau,jean-baptiste-camille corot
1224,Tarbell2.jpg,edmund c. tarbell,mary cassatt
1225,TeniersYounger10.jpg,david teniers the younger,aelbert cuyp
1226,TeniersYounger2.jpg,david teniers the younger,aelbert cuyp
1227,TeniersYounger3.jpg,david teniers the younger,salvator rosa
1228,TeniersYounger4.jpg,david teniers the younger,salomon van ruysdael
1229,TeniersYounger5.jpg,david teniers the younger,salomon van ruysdael
1230,TeniersYounger6.jpg,david teniers the younger,aert de gelder
1231,TeniersYounger7.jpg,david teniers the younger,david teniers the younger
1232,TeniersYounger8.jpg,david teniers the younger,floris van schooten
1233,TeniersYounger9.jpg,david teniers the younger,aert de gelder
1234,Tiepolo1.jpg,giovanni battista tiepolo,giovanni battista tiepolo
1235,Tiepolo2.jpg,giovanni battista tiepolo,giovanni battista tiepolo
1236,Tiepolo3.jpg,giovanni battista tiepolo,giovanni battista tiepolo
1237,Tiepolo4.jpg,giovanni battista tiepolo,giovanni battista tiepolo
1238,Tiepolo5.jpg,giovanni battista tiepolo,giulio romano
1239,Tintoretto1.jpg,tintoretto,tintoretto
1240,Tintoretto10.jpg,tintoretto,el greco
1241,Tintoretto11.jpg,tintoretto,sebastiano del piombo
1242,Tintoretto12.jpg,tintoretto,jusepe de ribera
1243,Tintoretto13.jpg,tintoretto,tintoretto
1244,Tintoretto14.jpg,tintoretto,karel van mander iii
1245,Tintoretto16.jpg,tintoretto,tintoretto
1246,Tintoretto17.jpg,tintoretto,ludovico carracci
1247,Tintoretto2.jpg,tintoretto,tintoretto
1248,Tintoretto3.jpg,tintoretto,luca giordano
1249,Tintoretto4.jpg,tintoretto,george wharton edwards
1250,Tintoretto5.jpg,tintoretto,edmund c. tarbell
1251,Tintoretto6.jpg,tintoretto,tintoretto
1252,Tintoretto7.jpg,tintoretto,parmigianino
1253,Tintoretto8.jpg,tintoretto,joachim wtewael
1254,Tintoretto9.jpg,tintoretto,bartolome esteban murillo
1255,Tisi1.jpg,benvenuto tisi,jacopo da empoli
1256,Tisi2.jpg,benvenuto tisi,jacopo da empoli
1257,Tisi3.jpg,benvenuto tisi,domenichino
1258,Titian1.jpg,tiziano vecelli,jean-auguste-dominique ingres
1259,Titian10.jpg,tiziano vecelli,cornelis van haarlem
1260,Titian11.jpg,tiziano vecelli,tintoretto
1261,Titian12.jpg,tiziano vecelli,paolo veronese
1262,Titian13.jpg,tiziano vecelli,andrea del sarto
1263,Titian14.jpg,tiziano vecelli,tintoretto
1264,Titian15.jpg,tiziano vecelli,eugene delacroix
1265,Titian16.jpg,tiziano vecelli,jean-auguste-dominique ingres
1266,Titian2.jpg,tiziano vecelli,jean-auguste-dominique ingres
1267,Titian3.jpg,tiziano vecelli,nicolas poussin
1268,Titian4.jpg,tiziano vecelli,federico de madrazo
1269,Titian5.jpg,tiziano vecelli,nicolas poussin
1270,Titian6.jpg,tiziano vecelli,nicolas poussin
1271,Titian7.jpg,tiziano vecelli,giorgione
1272,Titian8.jpg,tiziano vecelli,jacopo da empoli
1273,Tonks1.jpg,henry tonks,eugene boudin
1274,Toorop1.jpg,jan toorop,jan toorop
1275,ToulouseLautrec1.jpg,toulouse-lautrec,toulouse-lautrec
1276,ToulouseLautrec2.jpg,toulouse-lautrec,toulouse-lautrec
1277,ToulouseLautrec3.jpg,toulouse-lautrec,toulouse-lautrec
1278,ToulouseLautrec4.jpg,toulouse-lautrec,toulouse-lautrec
1279,ToulouseLautrec5.jpg,toulouse-lautrec,toulouse-lautrec
1280,Trumbull1.jpg,john trumbull,theodore chasseriau
1281,Trumbull2.jpg,john trumbull,john trumbull
1282,Trumbull3.jpg,john trumbull,john trumbull
1283,Turner1.jpg,william turner,eugene delacroix
1284,Turner2.jpg,william turner,charles-francois daubigny
1285,Turner3.jpg,william turner,william turner
1286,Turner4.jpg,william turner,john constable
1287,Turner5.jpg,william turner,william turner
1288,Turner6.jpg,william turner,theodore chasseriau
1289,Twachtman1.jpg,john henry twachtman,john henry twachtman
1290,Ury1.jpg,lesser ury,frank weston benson
1291,Ury2.jpg,lesser ury,edouard vuillard
1292,Vaccaro1.jpg,andrea vaccaro,benjamin west
1293,VanGogh1.jpg,van gogh,van gogh
1294,VanGogh10.jpg,van gogh,monet
1295,VanGogh11.jpg,van gogh,van gogh
1296,VanGogh13.jpg,van gogh,maximilien luce
1297,VanGogh14.jpg,van gogh,van gogh
1298,VanGogh15.jpg,van gogh,van gogh
1299,VanGogh16.jpg,van gogh,pierre-auguste renoir
1300,VanGogh17.jpg,van gogh,charles-francois daubigny
1301,VanGogh18.jpg,van gogh,van gogh
1302,VanGogh19.jpg,van gogh,ernst kirchner
1303,VanGogh2.jpg,van gogh,anton mauve
1304,VanGogh20.jpg,van gogh,ernst kirchner
1305,VanGogh21.jpg,van gogh,monet
1306,VanGogh22.jpg,van gogh,armand guillaumin
1307,VanGogh23.jpg,van gogh,santiago rusinol
1308,VanGogh24.jpg,van gogh,santiago rusinol
1309,VanGogh25.jpg,van gogh,maximilien luce
1310,VanGogh26.jpg,van gogh,van gogh
1311,VanGogh27.jpg,van gogh,van gogh
1312,VanGogh3.jpg,van gogh,van gogh
1313,VanGogh4.jpg,van gogh,thomas eakins
1314,VanGogh5.jpg,van gogh,santiago rusinol
1315,VanGogh6.jpg,van gogh,van gogh
1316,VanGogh7.jpg,van gogh,toulouse-lautrec
1317,VanGogh8.jpg,van gogh,toulouse-lautrec
1318,VanGogh9.jpg,van gogh,van gogh
1319,Vasari1.jpg,giorgio vasari,giulio cesare procaccini
1320,Vasari2.jpg,giorgio vasari,johann friedrich overbeck
1321,Vasnetsov1.jpg,viktor vasnetsov,ivan kramskoi
1322,Vasnetsov2.jpg,viktor vasnetsov,viktor vasnetsov
1323,Vasnetsov3.jpg,viktor vasnetsov,viktor vasnetsov
1324,Vecchio1.jpg,palma vecchio,giorgione
1325,Vedder1.jpg,elihu vedder,elihu vedder
1326,Velazquez1.jpg,diego velazquez,hendrick ter brugghen
1327,Velazquez2.jpg,diego velazquez,diego velazquez
1328,Velazquez3.jpg,diego velazquez,gerard ter borch
1329,Velazquez4.jpg,diego velazquez,giulio cesare procaccini
1330,Velazquez5.jpg,diego velazquez,aelbert cuyp
1331,Velazquez6.jpg,diego velazquez,diego velazquez
1332,Velazquez7.jpg,diego velazquez,diego velazquez
1333,Velazquez8.jpg,diego velazquez,diego velazquez
1334,Velazquez9.jpg,diego velazquez,jusepe de ribera
1335,Verelst1.jpg,simon pietersz verelst,peter lely
1336,Vereshchagin1.jpg,vasily vereshchagin,vasily vereshchagin
1337,Vermeer1.jpg,johannes vermeer,johannes vermeer
1338,Vermeer2.jpg,johannes vermeer,johannes vermeer
1339,Vermeer3.jpg,johannes vermeer,johannes vermeer
1340,Vermeer4.jpg,johannes vermeer,johannes vermeer
1341,Vermeer5.jpg,johannes vermeer,aert van der neer
1342,Vermeer6.jpg,johannes vermeer,johannes vermeer
1343,Vermeer7.jpg,johannes vermeer,johannes vermeer
1344,Vermeer8.jpg,johannes vermeer,johannes vermeer
1345,Vermeer9.jpg,johannes vermeer,johannes vermeer
1346,Vernet1.jpg,claude-joseph vernet,claude-joseph vernet
1347,Vernet2.jpg,claude-joseph vernet,karel dujardin
1348,Veronese1.jpg,paolo veronese,paolo veronese
1349,Veronese10.jpg,paolo veronese,theodore chasseriau
1350,Veronese11.jpg,paolo veronese,joachim wtewael
1351,Veronese12.jpg,paolo veronese,ludovico carracci
1352,Veronese13.jpg,paolo veronese,jean-baptiste van loo
1353,Veronese14.jpg,paolo veronese,pietro da cortona
1354,Veronese2.jpg,paolo veronese,paolo veronese
1355,Veronese3.jpg,paolo veronese,nicolas poussin
1356,Veronese4.jpg,paolo veronese,paolo veronese
1357,Veronese5.jpg,paolo veronese,paolo veronese
1358,Veronese6.jpg,paolo veronese,nicolas poussin
1359,Veronese7.jpg,paolo veronese,abraham bloemaert
1360,Veronese8.jpg,paolo veronese,ludovico carracci
1361,Veronese9.jpg,paolo veronese,hyacinthe rigaud
1362,Verspronck1.jpg,johannes cornelisz verspronck,gerard ter borch
1363,VigeeLebrun1.jpg,elisabeth vigee-lebrun,jean-honore fragonard
1364,VigeeLebrun2.jpg,elisabeth vigee-lebrun,gilbert stuart
1365,VigeeLebrun3.jpg,elisabeth vigee-lebrun,elisabeth vigee-lebrun
1366,VigeeLebrun4.jpg,elisabeth vigee-lebrun,theodore chasseriau
1367,VigeeLebrun5.jpg,elisabeth vigee-lebrun,thomas gainsborough
1368,Vinet1.jpg,henri nicolas vinet,paulus potter
1369,Vonnoh1.jpg,robert vonnoh,robert vonnoh
1370,Vouet1.jpg,simon vouet,ludovico carracci
1371,Vrubel1.jpg,mikhail vrubel,mikhail vrubel
1372,Vuillard1.jpg,edouard vuillard,edouard vuillard
1373,Vuillard10.jpg,edouard vuillard,edouard vuillard
1374,Vuillard11.jpg,edouard vuillard,edouard vuillard
1375,Vuillard2.jpg,edouard vuillard,edouard vuillard
1376,Vuillard3.jpg,edouard vuillard,edouard vuillard
1377,Vuillard4.jpg,edouard vuillard,edouard vuillard
1378,Vuillard5.jpg,edouard vuillard,edouard vuillard
1379,Vuillard6.jpg,edouard vuillard,edouard vuillard
1380,Vuillard7.jpg,edouard vuillard,edouard vuillard
1381,Vuillard8.jpg,edouard vuillard,john henry twachtman
1382,Vuillard9.jpg,edouard vuillard,edouard vuillard
1383,Waldmuller1.jpg,ferdinand georg waldmuller,john frederick herring
1384,Waldmuller2.jpg,ferdinand georg waldmuller,ivan shishkin
1385,Watteau1.jpg,antoine watteau,antoine watteau
1386,Watteau2.jpg,antoine watteau,antoine watteau
1387,Watteau3.jpg,antoine watteau,antoine watteau
1388,Watteau4.jpg,antoine watteau,antoine watteau
1389,Watteau5.jpg,antoine watteau,antoine watteau
1390,Watts1.jpg,george frederic watts,george frederic watts
1391,Watts2.jpg,george frederic watts,elihu vedder
1392,Watts3.jpg,george frederic watts,george frederic watts
1393,Watts4.jpg,george frederic watts,george frederic watts
1394,Watts5.jpg,george frederic watts,george frederic watts
1395,Weingartner1.jpg,pedro weingartner,jules breton
1396,WhartonEdwards1.jpg,george wharton edwards,august malmstrom
1397,Willaerts1.jpg,adam willaerts,frans francken the younger
1398,Winterhalter1.jpg,franz xaver winterhalter,frederic bazille
1399,Wissing1.jpg,willem wissing,peter lely
1400,Wissing2.jpg,willem wissing,sir joshua reynolds
1401,Wissing3.jpg,willem wissing,jean-baptiste van loo
1402,Wissing4.jpg,willem wissing,peter lely
1403,Wissing5.jpg,willem wissing,thomas gainsborough
1404,Wouwerman1.jpg,philips wouwerman,philips wouwerman
1405,Wouwerman2.jpg,philips wouwerman,august malmstrom
1406,Wouwerman3.jpg,philips wouwerman,aelbert cuyp
1407,Wtewael1.jpg,joachim wtewael,abraham bloemaert
1408,Wtewael2.jpg,joachim wtewael,ludovico carracci
1409,Wuchters1.jpg,abraham wuchters,hyacinthe rigaud
1410,Wyck1.jpg,jan wyck,aelbert cuyp
1411,Wyck2.jpg,jan wyck,aelbert cuyp
1412,Wyck3.jpg,jan wyck,aelbert cuyp
1413,Wyck4.jpg,jan wyck,aelbert cuyp
1414,Ziem1.jpg,felix ziem,hovhannes aivazovsky 
1415,Ziem2.jpg,felix ziem,hovhannes aivazovsky 
1416,Ziem3.jpg,felix ziem,william turner
1417,Zoffany1.jpg,johann zoffany,franz xaver winterhalter
1418,Zoffany10.jpg,johann zoffany,johann zoffany
1419,Zoffany11.jpg,johann zoffany,joseph ducreux
1420,Zoffany2.jpg,johann zoffany,joseph ducreux
1421,Zoffany3.jpg,johann zoffany,john trumbull
1422,Zoffany4.jpg,johann zoffany,frans francken the younger
1423,Zoffany5.jpg,johann zoffany,johann zoffany
1424,Zoffany6.jpg,johann zoffany,abraham bloemaert
1425,Zoffany7.jpg,johann zoffany,henri nicolas vinet
1426,Zoffany8.jpg,johann zoffany,johann zoffany
1427,Zoffany9.jpg,johann zoffany,johann zoffany
1428,Zurbaran1.jpg,francisco de zurbaran,francisco de zurbaran
1429,Zurbaran10.jpg,francisco de zurbaran,bartolome esteban murillo
1430,Zurbaran2.jpg,francisco de zurbaran,francisco de zurbaran
1431,Zurbaran3.jpg,francisco de zurbaran,francisco de zurbaran
1432,Zurbaran4.jpg,francisco de zurbaran,francisco de zurbaran
1433,Zurbaran5.jpg,francisco de zurbaran,francisco de zurbaran
1434,Zurbaran6.jpg,francisco de zurbaran,bartolome esteban murillo
1435,Zurbaran7.jpg,francisco de zurbaran,guercino
1436,Zurbaran8.jpg,francisco de zurbaran,francisco de zurbaran
1437,Zurbaran9.jpg,francisco de zurbaran,diego velazquez
1438,dHondecoeter1.jpg,melchior d'hondecoeter,adriaen van de venne
1439,daCaravaggio1.jpg,michelangelo da caravaggio,fra bartolommeo
1440,daCaravaggio2.jpg,michelangelo da caravaggio,theodoor rombouts
1441,deCappelle1.jpg,jan van de cappelle,karel dujardin
1442,deChampaigne1.jpg,jean baptiste de champaigne,theodoor rombouts
1443,deChavannes1.jpg,pierre puvis de chavannes,pierre puvis de chavannes
1444,deChavannes2.jpg,pierre puvis de chavannes,pierre puvis de chavannes
1445,deChavannes3.jpg,pierre puvis de chavannes,pierre puvis de chavannes
1446,deChavannes4.jpg,pierre puvis de chavannes,pierre puvis de chavannes
1447,deChavannes5.jpg,pierre puvis de chavannes,pierre puvis de chavannes
1448,deFerrari1.jpg,orazio de ferrari,bartolome esteban murillo
1449,deGrebber1.jpg,pieter de grebber,theodoor rombouts
1450,deHeem1.jpg,jan davidsz. de heem,rachel ruysch
1451,deHooch1.jpg,pieter de hooch,pieter de hooch
1452,deHooch2.jpg,pieter de hooch,pieter de hooch
1453,deHooch3.jpg,pieter de hooch,pieter de hooch
1454,deHooch4.jpg,pieter de hooch,gabriel metsu
1455,deHooch5.jpg,pieter de hooch,pieter de hooch
1456,deJongh1.jpg,claude de jongh,karel dujardin
1457,deJongh2.jpg,claude de jongh,paulus potter
1458,deJongh3.jpg,claude de jongh,karel dujardin
1459,deKeyser1.jpg,thomas de keyser,hyacinthe rigaud
1460,deKeyser2.jpg,thomas de keyser,karel van mander iii
1461,deKeyser3.jpg,thomas de keyser,theodoor rombouts
1462,deLaTour1.jpg,georges de la tour,hendrick ter brugghen
1463,deLaTour2.jpg,georges de la tour,gerrit dou
1464,deLaTour3.jpg,georges de la tour,jacopo da empoli
1465,deMadrazo1.jpg,federico de madrazo,alexandre cabanel
1466,deMadrazo2.jpg,federico de madrazo,elizabeth charleston
1467,deRibera1.jpg,jusepe de ribera,jean baptiste de champaigne
1468,deRibera2.jpg,jusepe de ribera,guido cagnacci
1469,deRibera3.jpg,jusepe de ribera,jusepe de ribera
1470,deRibera4.jpg,jusepe de ribera,jusepe de ribera
1471,deRibera5.jpg,jusepe de ribera,jusepe de ribera
1472,deStomme1.jpg,maerten boelema de stomme,pieter claesz
1473,deTroy1.jpg,jean francois de troy,james barry
1474,deVos1.jpg,cornelis devos,frans hals
1475,deVriendt1.jpg,frans de vriendt,theodoor rombouts
1476,deVriendt2.jpg,frans de vriendt,domenichino
1477,deVriendt3.jpg,frans de vriendt,joachim wtewael
1478,deWitte1.jpg,emanuel de witte,aert van der neer
1479,delPiombo1.jpg,sebastiano del piombo,giorgione
1480,delPiombo2.jpg,sebastiano del piombo,domenichino
1481,delPiombo3.jpg,sebastiano del piombo,guido cagnacci
1482,delPiombo4.jpg,sebastiano del piombo,paolo veronese
1483,delPiombo5.jpg,sebastiano del piombo,eustache le sueur
1484,delPiombo6.jpg,sebastiano del piombo,sebastiano del piombo
1485,delSarto1.jpg,andrea del sarto,diego velazquez
1486,van Baburen2.jpg,dirck van baburen,hendrick ter brugghen
1487,vanAelst1.jpg,willem van aelst,rachel ruysch
1488,vanBaburen1.jpg,dirck van baburen,jean baptiste de champaigne
1489,vanBeijeren1.jpg,abraham van beijeren,willem kalf
1490,vanBeijeren2.jpg,abraham van beijeren,pieter claesz
1491,vanBijlert1.jpg,jan van bijlert,theodoor rombouts
1492,vanCalraet1.jpg,abraham van calraet,aelbert cuyp
1493,vanCalraet2.jpg,abraham van calraet,aelbert cuyp
1494,vanDyck1.jpg,anthony van dyck,august malmstrom
1495,vanDyck10.jpg,anthony van dyck,nicolas poussin
1496,vanDyck11.jpg,anthony van dyck,anthony van dyck
1497,vanDyck12.jpg,anthony van dyck,peter lely
1498,vanDyck13.jpg,anthony van dyck,anthony van dyck
1499,vanDyck14.jpg,anthony van dyck,peter lely
1500,vanDyck15.jpg,anthony van dyck,anthony van dyck
1501,vanDyck17.jpg,anthony van dyck,giulio cesare procaccini
1502,vanDyck18.jpg,anthony van dyck,luca giordano
1503,vanDyck19.jpg,anthony van dyck,anthony van dyck
1504,vanDyck2.jpg,anthony van dyck,anthony van dyck
1505,vanDyck20.jpg,anthony van dyck,anthony van dyck
1506,vanDyck21.jpg,anthony van dyck,thomas gainsborough
1507,vanDyck22.jpg,anthony van dyck,anthony van dyck
1508,vanDyck3.jpg,anthony van dyck,maarten van heemskerck
1509,vanDyck4.jpg,anthony van dyck,elizabeth charleston
1510,vanDyck5.jpg,anthony van dyck,anthony van dyck
1511,vanDyck6.jpg,anthony van dyck,benjamin west
1512,vanDyck7.jpg,anthony van dyck,anthony van dyck
1513,vanDyck8.jpg,anthony van dyck,luca giordano
1514,vanDyck9.jpg,anthony van dyck,peter lely
1515,vanEyck1.jpg,hubert van eyck,lucas van leyden
1516,vanGoyen1.jpg,jan van goyen,philips wouwerman
1517,vanGoyen2.jpg,jan van goyen,philips wouwerman
1518,vanGoyen3.jpg,jan van goyen,floris van schooten
1519,vanHaarlem1.jpg,cornelis van haarlem,jusepe de ribera
1520,vanHeemskerck1.jpg,maarten van heemskerck,hendrick ter brugghen
1521,vanHonthorst1.jpg,gerard van honthorst,gerard van honthorst
1522,vanLeyden1.jpg,lucas van leyden,lucas van leyden
1523,vanLoo1.jpg,jean-baptiste van loo,hyacinthe rigaud
1524,vanLoo2.jpg,jean-baptiste van loo,joseph ducreux
1525,vanManderIII1.jpg,karel van mander iii,anthony van dyck
1526,vanMoscher1.jpg,jacob van moscher,thomas gainsborough
1527,vanNoordt1.jpg,jan van noordt,francois boucher
1528,vanOosterwijck1.jpg,maria van oosterwijck,rachel ruysch
1529,vanOstade1.jpg,adriaen van ostade,gabriel metsu
1530,vanOstade2.jpg,adriaen van ostade,aert de gelder
1531,vanOstade3.jpg,adriaen van ostade,ferdinand georg waldmuller
1532,vanRuisdael1.jpg,jacob van ruisdael,jacob van ruisdael
1533,vanRuisdael2.jpg,jacob van ruisdael,salomon van ruysdael
1534,vanRuisdael3.jpg,jacob van ruisdael,asher brown durand
1535,vanRuisdael4.jpg,jacob van ruisdael,salomon van ruysdael
1536,vanRuisdael5.jpg,jacob van ruisdael,jacob van ruisdael
1537,vanRuisdael6.jpg,jacob van ruisdael,salomon van ruysdael
1538,vanRuisdael7.jpg,jacob van ruisdael,august malmstrom
1539,vanRuisdael8.jpg,jacob van ruisdael,salomon van ruysdael
1540,vanRuisdael9.jpg,jacob van ruisdael,salomon van ruysdael
1541,vanRuysdael1.jpg,salomon van ruysdael,jan van goyen
1542,vanRuysdael2.jpg,salomon van ruysdael,salomon van ruysdael
1543,vanRuysdael3.jpg,salomon van ruysdael,salomon van ruysdael
1544,vanRuysdael4.jpg,salomon van ruysdael,aelbert cuyp
1545,vanRysselberghe1.jpg,theo van rysselberghe,signac
1546,vanSchooten1.jpg,floris van schooten,jan davidsz. de heem
1547,vanSomerI1.jpg,paul vansomeri,francisco de zurbaran
1548,vanSwanevelt1.jpg,herman van swanevelt,nicolas poussin
1549,vanVries1.jpg,roelof jansz van vries,paulus potter
1550,vandeVeldeYounger1.jpg,willem van de velde the younger,philips wouwerman
1551,vandeVeldeYounger2.jpg,willem van de velde the younger,karel dujardin
1552,vandeVenne1.jpg,adriaen van de venne,hendrick avercamp
1553,vandeVenne2.jpg,adriaen van de venne,antoine watteau
1554,vandenEeckhout1.jpg,gerbrand van den eeckhout,hendrick ter brugghen
1555,vanderHelst1.jpg,bartholomeus van der helst,anthony van dyck
1556,vanderHelst2.jpg,bartholomeus van der helst,anthony van dyck
1557,vanderHelst3.jpg,bartholomeus van der helst,gerard van honthorst
1558,vanderHeyden1.jpg,jan van der heyden,karel dujardin
1559,vanderNeer1.jpg,aert van der neer,eugene boudin
1560,vanderNeer2.jpg,aert van der neer,august malmstrom
1561,vonBecker1.jpg,adolf von becker,winslow homer
1562,vonBecker2.jpg,adolf von becker,edmund c. tarbell
1563,vonBecker3.jpg,adolf von becker,frank weston benson
1564,vonHagelstein1.jpg,jacob ernst thomann von hagelstein,paolo veronese
1565,vonMenzel1.jpg,adolph von menzel,adolph von menzel
1566,vonMenzel2.jpg,adolph von menzel,william merritt chase
1567,vonMenzel3.jpg,adolph von menzel,pieter boel
1568,vonMenzel4.jpg,adolph von menzel,vasily surikov
1569,vonMenzel5.jpg,adolph von menzel,henri nicolas vinet
1570,vonMenzel6.jpg,adolph von menzel,august malmstrom
1571,vonMenzel7.jpg,adolph von menzel,jean-francois millet
1572,vonMenzel8.jpg,adolph von menzel,jean-baptiste-camille corot
1573,vonSandrart1.jpg,joachim von sandrart,palma vecchio
1574,vonSchwind1.jpg,moritz von schwind,santiago rusinol
1575,vonSchwind2.jpg,moritz von schwind,abraham bloemaert
